conversation_id_str;created_at;favorite_count;full_text;id_str;image_url;in_reply_to_screen_name;lang;location;quote_count;reply_count;retweet_count;tweet_url;user_id_str;username
1.77824E+18;Thu Apr 11 01:39:33 +0000 2024;4312;Tiap bikin film selalu harus nyari lokasi yang rumit. Dulu nyari rumah buat Ibu sampai setahun baru nemu terus rusun yang udah 12 tahun ditelantarkan. Sekarang buat Siksa Kubur lebih menantang lagi: terowongan tak terpakai yang dibangun tahun 1914. Review dalemnya gimana: https://t.co/w8oXrLLTqj;1.77824E+18;https://pbs.twimg.com/amplify_video_thumb/1778235107373199360/img/yrq1nAPWhjbfihQB.jpg;;in;Jakarta;76;118;731;https://twitter.com/jokoanwar/status/1778236413353582822;18862596;jokoanwar
1.77837E+18;Thu Apr 11 10:29:06 +0000 2024;3211;Maaf review Siksa Kubur yang satu ini harus aku post https://t.co/3YPbjLsXoY;1.77837E+18;https://pbs.twimg.com/media/GK4JysRakAAsB6b.jpg;;in;Jakarta;163;74;275;https://twitter.com/jokoanwar/status/1778369676596457855;18862596;jokoanwar
1.77947E+18;Sun Apr 14 11:05:01 +0000 2024;157;MVS yang udah nonton review jujur siksa kubur dong https://t.co/RPjHKdOiME;1.77947E+18;https://pbs.twimg.com/media/GLHutSVbMAAfcK6.jpg;;in;MORE INFO CHECK LIKES;19;74;3;https://twitter.com/moviemenfes/status/1779465880021401693;1565895180;moviemenfes
1.7777E+18;Tue Apr 09 14:03:31 +0000 2024;17789;Oke berikut review kami untuk Siksa Kubur (2024) #wmidreview https://t.co/NCzv2EgUX6;1.7777E+18;https://pbs.twimg.com/media/GKunqtsacAALYvc.jpg;;in;Indonesia;622;337;1846;https://twitter.com/WatchmenID/status/1777698861106225547;9.50632E+17;WatchmenID
1.77901E+18;Sat Apr 13 04:56:23 +0000 2024;550;Kumpulan review Siksa Kubur di X (batch ketiga): 1. https://t.co/1jeGhv4J6B 2. ?https://t.co/D1wKiyd4IQ 3. ?https://t.co/6dIfFsOTKO 4. ?https://t.co/VfhB2wq3ZM 5. https://t.co/x85kUFiy8d 6. https://t.co/NRKu3UdHE8 7. https://t.co/YQUFPpdPo1 8. https://t.co/WVbV1WeV81 9. ;1.77901E+18;;;in;Jakarta;8;3;102;https://twitter.com/jokoanwar/status/1779010723773128899;18862596;jokoanwar
1.77909E+18;Sat Apr 13 10:09:37 +0000 2024;278;Review Siksa Kubur dari para pengulas di Youtube. https://t.co/ZoSSpsfm3y;1.77909E+18;https://pbs.twimg.com/amplify_video_thumb/1779089011182891008/img/JRKZdMDv1ch3CuhR.jpg;;in;Jakarta;2;8;35;https://twitter.com/jokoanwar/status/1779089552378110208;18862596;jokoanwar
1.77897E+18;Sat Apr 13 02:31:14 +0000 2024;5368;SIKSA KUBUR KOK FILMNYA BEGITU??!!! Berikut adalah review pribadi gue terkait film Siksa Kubur (2024) dir. Joko Anwar (NO SPOILER) https://t.co/cE34nEkQkZ;1.77897E+18;https://pbs.twimg.com/media/GLAvmK4bAAAnwVe.jpg;;in;;87;49;414;https://twitter.com/madarkham/status/1778974194388377660;1.51109E+18;madarkham
1.77834E+18;Thu Apr 11 08:20:01 +0000 2024;382;? Review mvs Siksa Kubur 'Azab premium' dengan gaya bertutur khas Joko Anwar. Slow paced meneror sesak dan depressing. Tentunya lebih bagus ketimbang sederet horor lokal lainnya yang belakangan kerap eksploitasi materi agama. ?? 7 8/10 https://t.co/6LvIpmgcmY;1.77834E+18;https://pbs.twimg.com/media/GKnrl1JbkAA3RjM.jpg;;in;MORE INFO CHECK LIKES;5;23;38;https://twitter.com/moviemenfes/status/1778337193700008244;1565895180;moviemenfes
1.77823E+18;Thu Apr 11 00:55:19 +0000 2024;343;Akhirnya SIKSA KUBUR rilis di semua bioskop seluruh Indonesia teman-teman! Sampai ketemu di bioskop hari ini! Review: https://t.co/8doB7A0dxP;1.77823E+18;https://pbs.twimg.com/media/GK2GdgpawAAQO3P.jpg;;in;Jakarta;10;20;61;https://twitter.com/jokoanwar/status/1778225281939177662;18862596;jokoanwar
1.77897E+18;Sat Apr 13 01:56:46 +0000 2024;4;Ceritanya review :) #SiksaKubur #jokoanwar @jokoanwar https://t.co/B4Ov3RtDNT;1.77897E+18;https://pbs.twimg.com/ext_tw_video_thumb/1778965339419955200/pu/img/0bE5_oH5b8KWf_EP.jpg;;in;Sumedang, Jawa Barat;0;1;0;https://twitter.com/ihzaynn_/status/1778965522547408951;1.35359E+18;ihzaynn_
1.77879E+18;Fri Apr 12 14:34:48 +0000 2024;2297;Kalau baca review film-film saya termasuk SIKSA KUBUR di @letterboxd yang tertinggi bikin semangat tinggi yang paling rendah bikin kembali nginjek bumi. Semuanya valid karena pengalaman menonton film adalah spiritual nggak ada yang bisa dikte gimana hasilnya. Dan semuanya bisa https://t.co/g7F5vztQI3;1.77879E+18;https://pbs.twimg.com/media/GK-LngsbAAAqaHU.jpg;;in;Jakarta;142;191;238;https://twitter.com/jokoanwar/status/1778793897927524547;18862596;jokoanwar
1.77803E+18;Wed Apr 10 12:03:21 +0000 2024;243;Terimakasih teman-teman pengulas film. Janji buat next film kami akan belajar terus supaya lebih baik. Berikut beberapa review Siksa Kubur. https://t.co/GR9RXK4A7k;1.77803E+18;https://pbs.twimg.com/media/GKzVxlkaMAAQhjG.jpg;;in;Jakarta;3;14;37;https://twitter.com/jokoanwar/status/1778031008786587691;18862596;jokoanwar
1.7784E+18;Thu Apr 11 12:09:50 +0000 2024;310;Alhamdulillah SIKSA KUBUR hari ini banyak review positif dan full house. Ditunggu yang belum nonton di bioskop teman-teman. https://t.co/SITDEOco78;1.7784E+18;https://pbs.twimg.com/media/GK4g1y5awAAmRq9.jpg;;in;Jakarta;7;21;36;https://twitter.com/jokoanwar/status/1778395029834437071;18862596;jokoanwar
1.77915E+18;Sat Apr 13 14:06:50 +0000 2024;269;Review Siksa Kubur dari para penulis dan pengulas film. https://t.co/Yk1Vjk3CdF;1.77915E+18;https://pbs.twimg.com/media/GLDOzZQXQAE-hCT.jpg;;in;Jakarta;3;20;38;https://twitter.com/jokoanwar/status/1779149248585699618;18862596;jokoanwar
1.77945E+18;Sun Apr 14 09:42:05 +0000 2024;55;Lawakboxd Review: Siksa Kubur (2024) Dir. Joko Anwar Film berdasarkan film pendek beliau bisa di ceki-ceki rumba di yucub yaw sebelum nonton film panjangnya. Tanpa panjang lebar lagi nih capcus aja. Filmnya lambat bener. https://t.co/YORLw7K0FR;1.77945E+18;https://pbs.twimg.com/media/GLHbXHBbsAAYH6v.jpg;;in;;1;2;6;https://twitter.com/lawakboxd/status/1779445009835864255;1.54791E+18;lawakboxd
1.7787E+18;Fri Apr 12 08:08:55 +0000 2024;351;Tarian metafora membuat film ini indah sekaligus memberikan pressure mencekam. Punya build up story yang bagus dan closure yang nampar bolak balik para pendosa. Inilah SIKSA KUBUR [A review] https://t.co/TT5LnNpXHY;1.7787E+18;https://pbs.twimg.com/media/GK8zS41aoAA7pJq.jpg;;in;Tokyo-to, Japan;4;2;49;https://twitter.com/txtanakbioskop/status/1778696786007478490;1.19162E+18;txtanakbioskop
1.77835E+18;Thu Apr 11 08:55:26 +0000 2024;246;Beberapa review dari penonton Siksa Kubur hari pertama bisa dilihat di sini: https://t.co/x85kUFiy8d https://t.co/NRKu3UdHE8 https://t.co/YQUFPpdPo1 https://t.co/WVbV1WeV81 https://t.co/mAxI5snj43 https://t.co/VboCm33njL https://t.co/bQnwZhRC3W https://t.co/VMoPS13CTE ;1.77835E+18;;;in;Jakarta;8;18;52;https://twitter.com/jokoanwar/status/1778346106210156852;18862596;jokoanwar
1.77828E+18;Thu Apr 11 04:44:49 +0000 2024;146;Kumpulan review film Siksa Kubur. Nanti akan diupdate terus ya teman-teman. Terimakasih banyak. https://t.co/Q1ULZucI9T;1.77828E+18;https://pbs.twimg.com/media/GK26-UybgAEgApv.jpg;;in;Jakarta;2;5;38;https://twitter.com/jokoanwar/status/1778283036305748153;18862596;jokoanwar
1.77903E+18;Sat Apr 13 06:12:05 +0000 2024;174;Kumpulan review film Siksa Kubur di X bagi yang membutuhkan. (Batch 4) 51. https://t.co/UvtlGo4NLr 52. https://t.co/wHUfkW4uAE 53. https://t.co/lSNSmcsE2U 54. https://t.co/kZbTXiBIUF 55. https://t.co/pgzHPYZgkr 56. https://t.co/lpJ2z4SSOd 57. https://t.co/ZzL9bEsywY 58. ;1.77903E+18;;;in;Jakarta;1;10;27;https://twitter.com/jokoanwar/status/1779029773160939758;18862596;jokoanwar
1.77868E+18;Fri Apr 12 07:20:00 +0000 2024;33;mau review plus dan minus yang ada di mvs siksa kubur https://t.co/7I2kTqmFYn;1.77868E+18;https://pbs.twimg.com/media/GK8n6M0aQAAhBiV.jpg;;in;MORE INFO CHECK LIKES;1;3;2;https://twitter.com/moviemenfes/status/1778684477814034605;1565895180;moviemenfes
1.7786E+18;Fri Apr 12 02:02:01 +0000 2024;80; Review Siksa Kubur Salah satu kehebatan film adalah: kita bisa diajak menyelami sebuah universe (semesta) dengan logikanya masing-masing. Setiap film punya logikanya sendiri. Film-film Pixar seperti Coco Onward dan Soul mempunyai dasar logika (hukum yang berlaku) sendiri https://t.co/rD11tZ4CrO;1.7786E+18;https://pbs.twimg.com/media/GK7fT2paUAAvvVp.jpg;;in;Mojokerto;6;12;18;https://twitter.com/hasyimmah/status/1778604453412974790;185156524;hasyimmah
1.77847E+18;Thu Apr 11 17:23:14 +0000 2024;558;Karena saya males nulis thread nih saya screenshot aja review si sayah atas film Siksa Kubur (2024) by Joko Anwar. Selamat membaca dan mari berdiskusi! https://t.co/G8tlaiSeN9;1.77847E+18;https://pbs.twimg.com/media/GK5okjrbUAAjOWK.jpg;;in;Entah dimana....dirimu berada.;18;31;78;https://twitter.com/lele_laki/status/1778473899443040507;1.06326E+18;lele_laki
1.77859E+18;Fri Apr 12 01:15:00 +0000 2024;69;Mvs berikut review jujur versi sender untuk siksa kubur dan badarawuhi Spoiler alert ?? https://t.co/YNiO5OmSLm;1.77859E+18;https://pbs.twimg.com/media/GK7T09RaIAACLt9.jpg;;in;MORE INFO CHECK LIKES;1;4;7;https://twitter.com/moviemenfes/status/1778592622581547101;1565895180;moviemenfes
1.77902E+18;Sat Apr 13 05:45:39 +0000 2024;41;Cuku sekali aja nontonnya mas @jokoanwar Review film: Siksa Kubur (2024) https://t.co/6R5O3tPYNp;1.77902E+18;https://pbs.twimg.com/ext_tw_video_thumb/1779022914148560896/pu/img/2OTeHF-dbVTJGoQ-.jpg;;in;Denpasar, Bali;1;4;7;https://twitter.com/baberockabye/status/1779023121787634161;352378162;baberockabye
1.77834E+18;Thu Apr 11 08:17:36 +0000 2024;28;Review Siksa Kubur. Worth buat ditonton sih kata gw https://t.co/1tV1C7zp7L;1.77834E+18;https://pbs.twimg.com/media/GK3rshaa8AAZAYv.jpg;;in;Tangerang, Indonesia;1;4;2;https://twitter.com/heydiko/status/1778336585488162910;1.1169E+18;heydiko
1.77935E+18;Sun Apr 14 03:12:20 +0000 2024;15;Review Siksa Kubur bikin sekujur badan gelisah merinding takut dan cemas. Yuk yang belum nonton siap-siap hari ini berangkat ke XXI. Ajak temen atau kesayangan ya. Jangan sendirian. #NontonASIKdiXXI #SiksaKubur #MakinDekat https://t.co/oNuhuFjR62;1.77935E+18;https://pbs.twimg.com/amplify_video_thumb/1779346622662770688/img/dpWCl_A4AjUvfxDu.jpg;;in;Jakarta, Indonesia;0;0;2;https://twitter.com/cinema21/status/1779346925973831988;18211861;cinema21
1.77838E+18;Thu Apr 11 10:52:48 +0000 2024;27;Menyambut penayangan #SiksaKubur hari ini gue akan cerita sedikit mengenai filmnya yang gue tonton saat press screening beberapa waktu lalu. Berikut adalah review film Siksa Kubur. https://t.co/hvKT5IuZN9;1.77838E+18;https://pbs.twimg.com/media/GK4PN6KaQAAe7WJ.jpg;;in;Planet Caysmon;1;1;5;https://twitter.com/umenumen/status/1778375644088586286;64157752;umenumen
1.77813E+18;Wed Apr 10 18:18:23 +0000 2024;11;horror psychological yang wild sinting bikin tobat tapi ga menggurui REVIEW SIKSA KUBUR https://t.co/FCMJ7uEBhZ;1.77813E+18;https://pbs.twimg.com/media/GK0rS9Kb0AAjusK.jpg;;in;Mars;0;2;0;https://twitter.com/alienmarzs/status/1778125387933032920;1.16929E+18;alienmarzs
1.7784E+18;Thu Apr 11 12:39:15 +0000 2024;18;Siksa Kubur beneran ada atau hanya untuk menakut-nakuti saja? Oh anda akan percaya! Siksa Kubur (2024) dir. Joko Anwar a film review by #monview https://t.co/Z3oy0Shglo;1.7784E+18;https://pbs.twimg.com/media/GK4nG_IbAAA5DC7.jpg;;in;;1;2;13;https://twitter.com/montajunpad/status/1778402430134436176;1.74113E+18;montajunpad
1.77839E+18;Thu Apr 11 11:30:00 +0000 2024;25;"Rate &amp; review mvs Siksa Kubur tanpa spoiler plisss https://t.co/6LvIpmgcmY";1.77839E+18;https://pbs.twimg.com/media/GKnrl1JbkAA3RjM.jpg;;in;MORE INFO CHECK LIKES;3;16;0;https://twitter.com/moviemenfes/status/1778385004462244244;1565895180;moviemenfes
1.77951E+18;Sun Apr 14 13:42:14 +0000 2024;0;Cosmo Review: Film Horror Siksa Kubur https://t.co/q7JnA7d4bJ https://t.co/V2h79ZSEaw;1.77951E+18;https://pbs.twimg.com/media/GLISxcUa4AA-Y7a.png;;in;Jakarta Capital Region;0;0;0;https://twitter.com/CosmoIndonesia/status/1779505445121712615;150182138;CosmoIndonesia
1.77833E+18;Thu Apr 11 07:45:00 +0000 2024;27;Mana nih yang nonton mvs siksa kubur jam pertama hari pertama?? Review dong no spoiler plis https://t.co/qLyA3rdIZU;1.77833E+18;https://pbs.twimg.com/media/GK3jonCaoAAZFK2.jpg;;in;MORE INFO CHECK LIKES;3;22;2;https://twitter.com/moviemenfes/status/1778328381198938387;1565895180;moviemenfes
1.77938E+18;Sun Apr 14 05:38:08 +0000 2024;11;Nonton baca solawat selesai langsung solat pulang auto tobat. SIKSA KUBUR by Joko Anwar [A Review] https://t.co/ysqgsBwbvh;1.77938E+18;https://pbs.twimg.com/media/GLGj9jYbYAIlBx-.jpg;;in;Indonesia;0;1;6;https://twitter.com/K3FilmSpace/status/1779383619737526587;1.62986E+18;K3FilmSpace
1.77915E+18;Sat Apr 13 13:51:04 +0000 2024;68;Nonton #SiksaKubur kali kedua bikin makin suka filmnya (makin suka pengalaman ngulik observasi detail2 kecil dengerin ucapan para karakter baik-baik dan terutama interpretasi). Pemahaman gue di kali pertama dan kedua jd beda. I need to gather my thoughts to review it properly.;1.77915E+18;;;in;Jakarta, Indonesia;3;12;11;https://twitter.com/teppy87/status/1779145281365569896;188254319;teppy87
1.77791E+18;Wed Apr 10 03:57:40 +0000 2024;4;Kemarin-kemarin dapet kesempatan buat nonton duluan film SIKSA KUBUR karya Joko Anwar. Tipikal film horor psikologis yang bikin nggak nyaman selama nonton. Penulisan karakternya kuat sinematografinya memikat adegan klimaksnya bikin tobat! Review lengkapnya nyusul ya. https://t.co/Us07TbGO4Y;1.77791E+18;https://pbs.twimg.com/media/GKxmm40bIAAnU3r.jpg;;in;Indonesia;0;0;1;https://twitter.com/K3FilmSpace/status/1777908782926045651;1.62986E+18;K3FilmSpace
1.77901E+18;Sat Apr 13 04:40:24 +0000 2024;32;Review film Siksa Kubur - [no spoiler] Akhirnya nonton di hari ketiga Lebaran. Ini gw coba review tanpa spoiler ya maap kalo ada bocor-bocor dikit. Semoga berguna buat yang masih ragu nonton. (Meskipun kata gue sih jangan percaya review siapa pun gas nonton sendiri aja!);1.77901E+18;;;in;;2;2;7;https://twitter.com/nadiladara/status/1779006702119231972;68415969;nadiladara
1.77911E+18;Sat Apr 13 11:30:51 +0000 2024;9;abis nonton Siksa Kubur gatau ini Genrenya Horror apa Thriller ya? sorry 7/10 (Review/ratinh pribadi) Filmnya aga bosan di beberapa part sinopsis dikit ini Film tentang obses seseorang yang nyari tau Siksa kubur itu ada atau enggak. https://t.co/gGgoIbWUza;1.77911E+18;https://pbs.twimg.com/media/GLCrGdcXgAAoTxZ.jpg;;in;Bandung;0;4;0;https://twitter.com/dinohampirpunah/status/1779109992387502505;1.38681E+18;dinohampirpunah
1.77837E+18;Thu Apr 11 10:20:32 +0000 2024;7;Ini review penonton hari pertama Siksa Kubur. #SiksaKubur https://t.co/tHwlJslTLO;1.77837E+18;https://pbs.twimg.com/media/GK4H1hkaEAErG16.jpg;;in;Jakarta Capital Region;0;1;3;https://twitter.com/RapiFilm/status/1778367524595454120;284982564;RapiFilm
1.77837E+18;Thu Apr 11 10:20:02 +0000 2024;5;Ini review penonton hari pertama Siksa Kubur. #SiksaKubur https://t.co/9VzTLoZtpW;1.77837E+18;https://pbs.twimg.com/media/GK4Ht6mawAAHOrY.jpg;;in;Jakarta, Indonesia;0;1;1;https://twitter.com/ComeandSeePics/status/1778367397701005405;1.63159E+18;ComeandSeePics
1.77809E+18;Wed Apr 10 16:02:13 +0000 2024;40;Wahhh makasi @CenayangFilm udah review Siksa Kubur;1.77809E+18;;;in;Jakarta;0;2;5;https://twitter.com/jokoanwar/status/1778091122021323132;18862596;jokoanwar
1.77834E+18;Thu Apr 11 08:19:16 +0000 2024;7;review siksa kubur dengan emoji: *tobat*;1.77834E+18;;;in;fisip ui;0;4;1;https://twitter.com/meneroboz/status/1778337004230787219;1.59648E+18;meneroboz
1.77937E+18;Sun Apr 14 04:53:16 +0000 2024;0;Kasih review jujur siksa kubur dong;1.77937E+18;;;in;Malang, Jawa Timur;0;2;0;https://twitter.com/panas2spicy/status/1779372328243388830;1.00507E+18;panas2spicy
1.77845E+18;Thu Apr 11 18:16:55 +0000 2024;2;Review film Siksa Kubur menurut sudut pandangku. Aku tebak genre dari film ini adalah PsychologicalxSupernatural Horor. Kalau kalian berharap banyak penampakan hantu difilm ini kalian salah. Penampakan hantu gak sering muncul. Tapi kalau hantunya muncul wah bikin stress sih. https://t.co/bYlb0HhFzr;1.77849E+18;https://pbs.twimg.com/media/GK503jbboAAvYrV.jpg;nurainiazis;in;94:8;0;1;1;https://twitter.com/nurainiazis/status/1778487407442342055;1.69938E+18;nurainiazis
1.7784E+18;Thu Apr 11 12:42:37 +0000 2024;110;Siksa Kubur banjir good reviews hari ini teman-teman. Dan banyak shows full house juga. Alhamdulillah terimakasih udah nonton hari ini dan udah posting review ya. Ini sebagian dari review (batch 2): https://t.co/USl6JzTh40 https://t.co/2QBy8hlsAN https://t.co/nfEWouPzB1 ;1.7784E+18;;;in;Jakarta;2;18;16;https://twitter.com/jokoanwar/status/1778403280214999327;18862596;jokoanwar
1.77844E+18;Thu Apr 11 15:12:26 +0000 2024;5;FILM HOROR RELIGI JOKO ANWAR YANG LEBIH GILA DAN BIKIN TOBAT REVIEW 'SIKSA KUBUR' (2024) BY CINERIES https://t.co/NQKyyPJu2u;1.77844E+18;https://pbs.twimg.com/media/GK5KpGCbUAAJ3Po.jpg;;in;;0;1;3;https://twitter.com/Cineriesid/status/1778440982146822523;1.58307E+18;Cineriesid
1.77908E+18;Sat Apr 13 09:42:19 +0000 2024;4;Terima kasih teman-teman Tonton video review Siksa Kubur ini sampai selesai ya. #SiksaKubur https://t.co/LsD7AW3ZeZ;1.77908E+18;https://pbs.twimg.com/ext_tw_video_thumb/1779082633160630272/pu/img/fcQKVLWleRJuAi5r.jpg;;in;Jakarta, Indonesia;0;0;2;https://twitter.com/ComeandSeePics/status/1779082680103227839;1.63159E+18;ComeandSeePics
1.77876E+18;Fri Apr 12 12:14:24 +0000 2024;99;Baru kelar nonton dokumenter City. Besok kasih review deh. Malem ini kasih skor film Siksa Kubur dulu. FILMNYA JELEK BENER 3/10;1.77876E+18;;;in;Indonesia;1;14;7;https://twitter.com/mancityroom/status/1778758565622427941;1.2689E+18;mancityroom
1.77881E+18;Fri Apr 12 15:25:00 +0000 2024;5;Review Siksa Kubur (4/5) Ini film bikin gua nutupin setengah muka gua pake jaket gua njir. Backsoundnya bikin degdegan sampe jump scarenya juga gong banget Dia ga jualan setan doang film ini juga ngejual alur cerita yang khas dan penuh pertanyaan bahkan sampe akhir film. https://t.co/7gEn2rQuy2;1.77881E+18;https://pbs.twimg.com/media/GK-XG5CaYAANF6d.jpg;;in;Tebet, Indonesia;0;1;0;https://twitter.com/richievucktory/status/1778806530374259002;1.45214E+18;richievucktory
1.77836E+18;Thu Apr 11 09:36:21 +0000 2024;2;Review film siksa kubur: https://t.co/mv7isLYJ3N;1.77836E+18;https://pbs.twimg.com/media/GK39Zuta4AASkIK.png;;in;Pekanbaru, Riau;0;0;0;https://twitter.com/bimaskf/status/1778356401485799618;1690470817;bimaskf
1.77881E+18;Fri Apr 12 15:43:47 +0000 2024;4;#Review_siksakubur ?TAKUT SPOILER DIKIT? gua gatau cara yang baik ripyu film itu gimana tapi yang pasti gua akuin filmnya Joko Anwar gapernah gagal dah! Dari pemilihan karakter sampe buat karakternya hidup itu good banget cinamatography nya yang apik dan plot nya yang ~next https://t.co/7j8KEFmvkz;1.77881E+18;https://pbs.twimg.com/media/GK-apP2a0AAdFGy.jpg;;in;South Jakarta;0;2;1;https://twitter.com/imyourpumaa/status/1778811256977391916;1.505E+18;imyourpumaa
1.77803E+18;Wed Apr 10 12:18:16 +0000 2024;2;Berikut beberapa review film Siksa Kubur. Terima kasih teman-teman reviewer film #SiksaKubur https://t.co/L6tXRirHis;1.77803E+18;https://pbs.twimg.com/media/GKzZL7wbwAA_75X.jpg;;in;Jakarta Capital Region;0;0;0;https://twitter.com/RapiFilm/status/1778034763019993218;284982564;RapiFilm
1.77869E+18;Fri Apr 12 07:28:30 +0000 2024;2;Honest review film Siksa Kubur bisa diliat di mana ya?;1.77869E+18;;;in;kontak.ardibhironx@gmail.com;0;6;0;https://twitter.com/ardibhironx/status/1778686617731187058;68208622;ardibhironx
1.77914E+18;Sat Apr 13 13:29:25 +0000 2024;12;Siksa Kubur (2024) @jokoanwar Disclaimer: saya tulis review ini dengan sedikit pengetahuan agama yg kebetulan di-highlight di film ini dan sebagai penguntit karya-karya Joko Anwar sejak lama. Jadi rada paham style bercerita dia bagaimana https://t.co/7rVlXLWIFe;1.77914E+18;https://pbs.twimg.com/media/GLDGP09XsAAGLgg.jpg;;in;Jegardah;0;1;5;https://twitter.com/DanKin500an/status/1779139830997504499;1.34836E+18;DanKin500an
1.77879E+18;Fri Apr 12 14:10:00 +0000 2024;4;"Minta Rate &amp; Review untuk mvs Badarawuhi di desa penari dong kemarin abis nntn siksa kubur dan besok pengen nntn ini tapi masi bimbang point + dari kkn sebelumnya apa? mks. https://t.co/S2t5ajbYRg";1.77879E+18;https://pbs.twimg.com/media/GK-FXsGbYAAPBTG.jpg;;in;MORE INFO CHECK LIKES;1;5;0;https://twitter.com/moviemenfes/status/1778787657189097609;1565895180;moviemenfes
1.7792E+18;Sat Apr 13 17:10:20 +0000 2024;0;tiba² nonton siksa kubur... pas nonton dibikin bertanya tanya sendiri karna pointnya kurang nyampe (?) cuma bikin okee siksa kubur beneran ada dan yang ga percaya pun banyak. awalnya merasa film ini 4/10 karna kurang puas tapi setelah lihat review di twt jadi terkejut waw https://t.co/fIB9YRf7Hx;1.7792E+18;https://pbs.twimg.com/media/GLD4z7VaAAAxTN6.jpg;;in;;0;1;0;https://twitter.com/natadaireeys/status/1779195429806305288;1.75817E+18;natadaireeys
1.77861E+18;Fri Apr 12 02:24:52 +0000 2024;0;info review siksa kubur;1.77861E+18;;;in;he/they;0;2;0;https://twitter.com/twinpukis/status/1778610206739726497;1.76733E+18;twinpukis
1.77875E+18;Fri Apr 12 11:23:19 +0000 2024;10;Review Siksa Kubur 1. 10 menit awal jumpscare tipis2. lumayan bikin kaget 2. berikutnya plot twist mulai berat. jelang akhire full gore/ sadis 3. Bagus. Lbih ke thirller psikologi jd klo mentale gak kuat jgn nonton. 4 Skore 8 dr 0-10. #SiksaKubur;1.77875E+18;;;in;Sidoarjo, Indonesia;0;0;0;https://twitter.com/nardie_bonek/status/1778745711569547660;2889370938;nardie_bonek
1.77914E+18;Sat Apr 13 13:45:37 +0000 2024;1;keluar bioskop langsung linglung ajg wkwkwkk ini review SIKSA KUBUR (contain mild spoiler) https://t.co/VCoHfqoxgq;1.77914E+18;https://pbs.twimg.com/media/GLDJ5-GXcAAURER.jpg;;in;17!;2;3;1;https://twitter.com/dansadalamhujan/status/1779143910662820254;1.66378E+18;dansadalamhujan
1.77847E+18;Thu Apr 11 17:23:34 +0000 2024;6;Oke waktunya membuat review FILM SIKSA KUBUR ;1.77847E+18;;;in;;0;2;1;https://twitter.com/Deanj1_/status/1778473981429039543;1.23335E+18;Deanj1_
1.77832E+18;Thu Apr 11 07:09:30 +0000 2024;49;Terimakasih banyak. Review Siksa Kubur.;1.77832E+18;;;in;Jakarta;0;0;4;https://twitter.com/jokoanwar/status/1778319448912605266;18862596;jokoanwar
1.77946E+18;Sun Apr 14 10:29:54 +0000 2024;2;anjir gw baru nonton siksa kubur those reviews were NOT lying;1.77946E+18;;;in;she/her ? 14 ? indo-lebanese;0;5;0;https://twitter.com/horrorscoven/status/1779457043168190685;1.43559E+18;horrorscoven
1.77839E+18;Thu Apr 11 13:59:37 +0000 2024;76;@WatchmenID @jokoanwar bikin bingung saya tulis unek-uneknya di sini tapi ini full spoiler jangan dibaca https://t.co/rqOLMxwgtY;1.77842E+18;;WatchmenID;in;Indonesia;0;2;8;https://twitter.com/justdeaan/status/1778422656053940570;7.45658E+17;justdeaan
1.77842E+18;Thu Apr 11 13:37:45 +0000 2024;0;review siksa kubur (2024) https://t.co/v9oL2jAJZU;1.77842E+18;https://pbs.twimg.com/media/GK40-SYbkAAqNQE.jpg;;in;;0;1;0;https://twitter.com/chuudk/status/1778417155308200038;1.06881E+18;chuudk
1.77899E+18;Sat Apr 13 03:23:47 +0000 2024;0;SIAPA YG UDH NONTON SIKSA KUBUR drop ur review.;1.77899E+18;;;in;;0;2;0;https://twitter.com/mudhiaahn/status/1778987417875427490;1.2985E+18;mudhiaahn
1.77876E+18;Fri Apr 12 12:18:34 +0000 2024;6;"Berangkat dari short movie ga nyangka lore &amp; cerita #SiksaKubur berkembang sampai begini. Memang keren abis the mind of @jokoanwar. Buat review singkat non spoiler saya salut abis bis dengan special effects set OST lighting makeup dan terutama akting para pemeran2nya. https://t.co/PLxbMG1Cen";1.77876E+18;https://pbs.twimg.com/media/GK9sPUfaIAAJsd-.jpg;;in;ÜT: -6.167606,106.828639;1;2;1;https://twitter.com/copydawg/status/1778759612529082746;20486712;copydawg
1.77801E+18;Wed Apr 10 10:57:42 +0000 2024;0;yang besok nonton siksa kubur pls review ;1.77801E+18;;;in;mental ward;0;1;0;https://twitter.com/jenniejaktim/status/1778014486143885570;1.35079E+18;jenniejaktim
1.77869E+18;Fri Apr 12 07:36:16 +0000 2024;3;jawab woy mending nonton siksa kubur atau badarawuihhh??!!!! bagusan yg mana plss review yg udh nonton;1.77869E+18;;;in;;0;15;0;https://twitter.com/fragileasfkkkk/status/1778688570238308404;1.72944E+18;fragileasfkkkk
1.77877E+18;Fri Apr 12 12:40:03 +0000 2024;17;REVIEW LENGKAP SIKSA KUBUR Asalan utama menonton ini adalah karena ini film @jokoanwar ga pernah kelewat nonton film horror blio dari dulu karena gapernah gagal. Rating becanda: joget gemoy / 10 Berikut review lengkapnya. https://t.co/7FvSnLVoPW;1.77877E+18;https://pbs.twimg.com/media/GK9xW-FbgAAAQpT.jpg;;in;;2;5;1;https://twitter.com/AnakTakoyaki/status/1778765020979253608;1.33762E+18;AnakTakoyaki
1.77917E+18;Sat Apr 13 15:18:16 +0000 2024;1;FULL REVIEW FILM SIKSA KUBUR (2024) dir. Joko Anwar Apakah kamu sudah percaya? https://t.co/LvYLjGdILp;1.77917E+18;https://pbs.twimg.com/amplify_video_thumb/1779166986120949760/img/-7f20YgyM8S14VdR.jpg;;in;;0;0;0;https://twitter.com/nasrudinmar/status/1779167223376195798;9.58555E+17;nasrudinmar
1.77841E+18;Thu Apr 11 13:10:29 +0000 2024;0;Review singkat Siksa Kubur : -Awal film masih oke pertengahan sumpah aku nguap beberapa kali (mungkin kurang tidur?). -Menurutku banyak dialog yg terlalu lambat dan beberapa pemeran aktingnya terasa kaku. -Akting Putri Ayudya bagus banget. -Endingnya masih ada plot hole. https://t.co/XKdYJc8Lvl;1.77841E+18;https://pbs.twimg.com/media/GK4uuuIbQAAx6cB.jpg;;in;nowhere;0;2;0;https://twitter.com/pernahwisuda/status/1778410292533481860;9.12276E+17;pernahwisuda
1.7788E+18;Fri Apr 12 15:06:29 +0000 2024;0;butuh review jujur mending exhuma atau siksa kubur???;1.7788E+18;;;in;;0;2;0;https://twitter.com/illusomnia_/status/1778801873585414151;1.10001E+18;illusomnia_
1.77907E+18;Sat Apr 13 08:36:44 +0000 2024;0;Review siksa kubur dong;1.77907E+18;;;in;UNFOLLOW FREE;0;4;0;https://twitter.com/urabw/status/1779066174174855635;1.41491E+18;urabw
1.77835E+18;Thu Apr 11 09:29:00 +0000 2024;5;REVIEW SIKSA KUBUR oleh Zorro . . . https://t.co/686rwRJDRz;1.77835E+18;https://pbs.twimg.com/media/GK38CpkakAAv9vQ.jpg;;in;North sea;1;1;0;https://twitter.com/ronzoro_/status/1778354553957789787;1.52175E+18;ronzoro_
1.7784E+18;Thu Apr 11 12:33:25 +0000 2024;52;Liat review orang ttg Siksa Kubur kayanya kok serem bgt ya.. Ada penasarannya juga tp takutnya lebih banyak ini ;1.7784E+18;;;in;;0;2;0;https://twitter.com/Thatatata123/status/1778400962300031184;1.39397E+18;Thatatata123
1.77898E+18;Sat Apr 13 02:51:20 +0000 2024;4;Siksa Kubur (2024) besutan @jokoanwar hadir sebagai thriller psikologis yang mengangkat diskusi tentang akhirat melalui berbagai lensa rasionalisme sekularisme dan pandangan korban ekstremisme yang hendak memicu diskusi di kalangan penontonnya. My letterboxd review here: https://t.co/buWM6Qpt7f;1.77898E+18;https://pbs.twimg.com/media/GLA0Mumb0AA0l0q.jpg;;in;wong jowo;2;2;0;https://twitter.com/IDGAFlSM/status/1778979254291792151;1.4038E+18;IDGAFlSM
1.77873E+18;Fri Apr 12 10:05:19 +0000 2024;5;Ekspektasiku buat karya-karya Joko Anwar terlalu tinggi tapi buat film ini .. Mari kita review Siksa Kubur Trigger yg ada : ular darah gelap sempit ? nyctophobia ofidiofoboa Claustrophobia #AwkpekNgereview https://t.co/vVYYDuA51T;1.77873E+18;https://pbs.twimg.com/media/GK9N7yxboAAPNwW.jpg;;in;@BTS_twt •?•;1;1;0;https://twitter.com/taewuiwak/status/1778726081882931287;1.00868E+18;taewuiwak
1.77908E+18;Sat Apr 13 09:30:00 +0000 2024;151;#SiksaKubur berhasil merombak formula horor religi Indonesia dan membawanya naik ke tingkat lebih tinggi Review: https://t.co/qHr4qnGoA7 https://t.co/gzZ6MjLPMe;1.77908E+18;https://pbs.twimg.com/media/GK-yR4WbsAEBFy5.jpg;;in;;1;5;27;https://twitter.com/lakinyajiu/status/1779079580118118403;46647998;lakinyajiu
1.77882E+18;Fri Apr 12 16:06:35 +0000 2024;0;minta review film siksa kubur dongg;1.77882E+18;;;in;HAECHAN;0;1;0;https://twitter.com/lyspocae/status/1778816998484697112;1.63993E+18;lyspocae
1.77849E+18;Thu Apr 11 18:39:02 +0000 2024;5;review film siksa kubur (2023) sebagai salah satu penggemar karya jokan mungkin akan sedikit bias sih. cuma film ini mengguncang gua dengan plot-plotnya plot taste-nya mirip pintu terlarang sih overall. gua paling suka sama character development Sita dan Adil.;1.77849E+18;;;in;DNF without consent.;1;1;0;https://twitter.com/dumnbledore/status/1778492972281311403;1.51832E+18;dumnbledore
1.77947E+18;Sun Apr 14 11:19:24 +0000 2024;0;Mau review Siksa Kubur tapi bentar deh makan dulu.;1.77947E+18;;;in;Indonesia;0;1;0;https://twitter.com/vsoymixnut/status/1779469500435546490;1.11821E+18;vsoymixnut
1.77878E+18;Fri Apr 12 13:38:14 +0000 2024;3;Yang punya phobia uler phobia ruang sempit phobia darah trigger flash kata gue jangan nonton Siksa Kubur. Dibutuhkan pemahaman logika karena kalo gak sampe logikanya dan gak paham alur nganggep film nya jelek padahal bagus. Semi jumpscare tapi semua masuk akal. Review gue https://t.co/wzB2cL6sct;1.77878E+18;https://pbs.twimg.com/media/GK9-q43awAAPpU4.jpg;;in;????-???? | @WE_THE_BOYZ;0;4;0;https://twitter.com/sangpremacy/status/1778779665139970346;9.00839E+17;sangpremacy
1.7795E+18;Sun Apr 14 13:03:35 +0000 2024;0;Sedikit renungan setelah nonton #SiksaKubur. Bukan review karena sudah banyak yang review wkwk Pas nonton sempat terbesit dalam hati Dosaku tidak separah Pak W ku belum pernah perk*sa/bunuh dsb dan sempat terpikir bahwa kayaknya ku bakal aman dari siksa kubur ;1.7795E+18;;;in;;0;1;0;https://twitter.com/abdrfrief/status/1779495720086888823;2201319420;abdrfrief
1.779E+18;Sat Apr 13 04:06:40 +0000 2024;0;abis baca thread review film SIKSA KUBUR jadi bingung nonton apa ngga ya? menurut kalian gimana buat yg udah nonton.;1.779E+18;;;in;hatimu;0;1;0;https://twitter.com/unpady/status/1778998209580617825;1.55516E+18;unpady
1.77904E+18;Sat Apr 13 06:48:30 +0000 2024;1;Yg udh nonton siksa kubur review dah gua orgnya penakut soalnya;1.77904E+18;;;in;Hogwarts;0;1;0;https://twitter.com/misiionst/status/1779038939606909274;1.4833E+18;misiionst
1.76942E+18;Sun Apr 14 04:53:10 +0000 2024;0;Siksa Kubur (2024) Legit. Mungkin kengeriannya akan lebih berasa bagi yg beragama muslim. U should watch the short movie first it takes only 7mins. Set di panti jompo keren bgt deserve u/ dibuat film tersendiri. The ending? Chef s kiss Banyak hint baca review! https://t.co/uAdaHcymX1;1.77937E+18;https://pbs.twimg.com/media/GLGZrKTbcAAmALW.jpg;panasduaspicy;in;;0;0;0;https://twitter.com/panasduaspicy/status/1779372303404634236;1.36257E+18;panasduaspicy
1.77878E+18;Fri Apr 12 13:45:49 +0000 2024;1;SPOILER WARNING!!! Sedikit review singkat film Siksa Kubur 2024 karya bang @jokoanwar. Yang aku suka dari film ini adalah setnya keren parahh plotnya mudah dipahami CGInya mantep banget pengambilan kameranya waahh keren sii kameramennya kerja keras banget di film ini https://t.co/jfKevJwykX;1.77878E+18;https://pbs.twimg.com/media/GK-AZv7bAAAA9DC.jpg;;in;;0;1;0;https://twitter.com/nandaliliput/status/1778781571061051808;3284741756;nandaliliput
1.77871E+18;Fri Apr 12 08:43:51 +0000 2024;0;Ini review jujur tentang film siksa kubur btw gua bukan buzzer Dibumbui dengan sebab dan akibat yang membuka mata gua terhadap kasus-kasus yang ada di indonesia terlebih dipertengahan film akan dihadapin sebuah asumsi-asumsi maupun opini yang tidak mempercayai agama;1.77871E+18;;;in;;1;1;0;https://twitter.com/ozoemaki/status/1778705577549689320;7.13165E+17;ozoemaki
1.77784E+18;Wed Apr 10 02:28:45 +0000 2024;0;@HabisNontonFilm min gak review siksa kubur kah?;1.77789E+18;;HabisNontonFilm;in;slow reader;0;1;0;https://twitter.com/reactiev/status/1777886406377177187;1.34557E+18;reactiev
1.77881E+18;Fri Apr 12 15:21:57 +0000 2024;0;farida nurhan review baso mercon di siksa kubur https://t.co/8voigRlKz8;1.77881E+18;https://pbs.twimg.com/media/GK-WafRbQAAekwf.jpg;;in;;0;4;0;https://twitter.com/rathelio/status/1778805765727527383;9.57174E+17;rathelio
1.77881E+18;Fri Apr 12 15:36:12 +0000 2024;0;Liat review-review Siksa Kubur sama Badarawuhi skornya mirip-mirip. Go Rabu kita nonton keduanya.;1.77881E+18;;;in;DKI Jakarta, Indonesia;0;1;0;https://twitter.com/Sepawat_Terngab/status/1778809349420515683;1587820302;Sepawat_Terngab
1.77823E+18;Thu Apr 11 01:42:31 +0000 2024;12;@moviemenfes Siksa kubur badarawuhi takut zonk. Nunggu review rill dulu dari orang2 bukan dari akun review wkwk;1.77824E+18;;moviemenfes;in;Indonesia;0;5;0;https://twitter.com/twtnyagibz/status/1778237158924709898;1.62505E+18;twtnyagibz
1.77915E+18;Sat Apr 13 14:29:15 +0000 2024;0;is siksa kubur really that bad? some ppl review on twitter bilang filmnya jelek;1.77915E+18;;;in;;0;1;0;https://twitter.com/bisaberhasil/status/1779154889555447855;2572362542;bisaberhasil
1.77876E+18;Fri Apr 12 12:38:05 +0000 2024;1;Review Siksa kubur overall 4/10 Perlu diakui di klimaks sampai ending memang epic banget tapi dari prolog - pertengahan sangat membosankan gaada jumpsacre dan kurang bisa membawa apa itu siksa kubur sesungguhnya;1.77876E+18;;;in;kinghead chenle;0;1;0;https://twitter.com/choiso2bin/status/1778764527599018305;1.40694E+18;choiso2bin
1.77882E+18;Fri Apr 12 16:22:50 +0000 2024;1;Review singkat #SiksaKubur from @jokoanwar Bukan film terbaik tapi jadi 'angin segar' buat genre horor religi dan tentunya tidak terlalu menggurui. Mungkin bisa jadi universe baru nih wkwk. https://t.co/D1dUJEdxY0;1.77882E+18;https://pbs.twimg.com/media/GK-kWf3aoAAax6s.jpg;;in;;0;1;0;https://twitter.com/dzikrinj/status/1778821086555378170;756702902;dzikrinj
1.77904E+18;Sat Apr 13 06:40:17 +0000 2024;0;penasaran bgt nonton siksa kubur grgr review orang orang tapi ini jenis film yang gabisa aku tonton sendirian ;1.77904E+18;;;in;;0;1;0;https://twitter.com/dunkiiindunme/status/1779036870112051563;1.1514E+18;dunkiiindunme
1.77915E+18;Sat Apr 13 14:16:29 +0000 2024;8;beberapa scene di film Siksa Kubur (2024) mengingatkan gue dengan film Monster (2023) nya Kore-eda. gatau referensinya beneran ke sana atau enggak tp di awal langsung nangkep endingnya. pas baca review di twitter kayaknya bener! nonton kedua kali baru paham. ;1.77915E+18;;;in;Indonesia;0;1;0;https://twitter.com/ashirazamita/status/1779151676332728537;1153216806;ashirazamita
1.7787E+18;Fri Apr 12 09:02:00 +0000 2024;10;Next nya bakalan aku review explicit full spoiler karena aku sesuka itu dengan film Siksa Kubur. Dan mau ngingetin lagi kalau GoPay lagi ada promo cashback up to 35K. Siksa Kubur sudah mulai tayang di bioskop. https://t.co/KGJV7qRQtD;1.77871E+18;https://pbs.twimg.com/media/GK8_cdUaQAAvAZv.jpg;txtanakbioskop;in;Tokyo-to, Japan;0;1;1;https://twitter.com/txtanakbioskop/status/1778710147814322272;1.19162E+18;txtanakbioskop
1.77825E+18;Thu Apr 11 02:36:33 +0000 2024;2;Review dan Sinopsis Film Siksa Kubur Tayang Hari Ini di Bioskop https://t.co/wMt9tK1Dm2 #TempoCantika;1.77825E+18;;;in;Indonesia;0;0;0;https://twitter.com/tempodotco/status/1778250756216459323;18129942;tempodotco
1.7787E+18;Fri Apr 12 08:10:04 +0000 2024;0;Review badarawuhi atau siksa kubur kalau bukan bagus banget ya jelek banget ;1.7787E+18;;;in;Makassar, Indonesia;0;3;0;https://twitter.com/AndyPrawira5/status/1778697076005830956;1.21696E+18;AndyPrawira5
1.77839E+18;Thu Apr 11 11:57:42 +0000 2024;0;Review Siksa Kubur (2024) Lebaran disambut oleh film yang bikin was-was perasaan ga nyaman dan bikin deg-degan. Joko anwar membawa horror religi ke step yang lebih tinggi dengan penceritaan yang anti mainstream. https://t.co/6a2NRgTpuQ;1.77839E+18;https://pbs.twimg.com/media/GK4eE_maUAAMXgn.jpg;;in;;0;1;0;https://twitter.com/Nabilchndr/status/1778391976829911057;1.34891E+18;Nabilchndr
1.77843E+18;Thu Apr 11 14:20:16 +0000 2024;1;Review special lebaran SIKSA KUBUR by Joko Anwar https://t.co/yKYFYj8f9c;1.77843E+18;https://pbs.twimg.com/media/GK4-tItbUAARLjI.jpg;;in;;0;1;0;https://twitter.com/LoveMovie1_/status/1778427851341267213;1.75217E+18;LoveMovie1_
1.77831E+18;Thu Apr 11 06:51:27 +0000 2024;0;menunggu review film siksa kubur;1.77831E+18;;;in;Jamby city, Indonesia;0;0;0;https://twitter.com/majestykstr/status/1778314906590445855;527190923;majestykstr
1.77866E+18;Fri Apr 12 05:39:43 +0000 2024;0;Siksa kubur bagus gasi? So far review yang lewat kok agak kureng yaa.;1.77866E+18;;;in;;0;2;0;https://twitter.com/dienowcrylater/status/1778659239176904812;1.14826E+18;dienowcrylater
1.77725E+18;Mon Apr 08 08:30:16 +0000 2024;1;H-3 jelang rilis SIKSA KUBUR terpantau udah ada audiens yang kasih skor dan review di Skorfilm. Ninggalin jejak dulu katanya bakal balik lagi ntar habis nonton. Memang udah pada gak sabar ya agaknya Jangan lupa SIKSA KUBUR di bioskop 11 APRIL 2024! https://t.co/y9krYCRfri;1.77725E+18;https://pbs.twimg.com/media/GKoRyyxa4AEhFG1.jpg;;in;;1;0;0;https://twitter.com/skorfilm/status/1777252611084980394;1.75542E+18;skorfilm
1.77882E+18;Fri Apr 12 16:37:40 +0000 2024;1;Lagi bacain semua review dan teory siksa kubur. Seru sekali ya;1.77882E+18;;;in;Earth.;0;2;0;https://twitter.com/Jaeyongvaksin/status/1778824817200021816;1.36845E+18;Jaeyongvaksin
1.77909E+18;Sat Apr 13 10:04:45 +0000 2024;0;Review dariku untuk Siksa Kubur pengalaman menonton yang asik! https://t.co/OrR7psMZVy;1.77909E+18;;;in;;0;2;0;https://twitter.com/xnewchoi/status/1779088327427428785;1.31942E+18;xnewchoi
1.77888E+18;Fri Apr 12 20:17:17 +0000 2024;1;Setelah menonton siksa kubur.. dan melihat review beberapa (small brain move) keinget pertanyaan yang di lontarkan guru religiositas di SMA kalau tidak salah ingat begini:;1.77888E+18;;;in;;0;2;0;https://twitter.com/dazeruff23/status/1778880085753557491;1.07533E+18;dazeruff23
1.7788E+18;Fri Apr 12 14:53:17 +0000 2024;1;Di rumah nobar film horror (yg ada di TV) dan dua hari ini nonton siksa kubur + badarawuhi tanyakan kondisiku sekarang wkwkwkwkwk. Jangan suruh aku review yak : ) aku cuma bisa bilang mending nonton langsung semuanya biar tau perbandingannya. https://t.co/G9uuAqheL9;1.7788E+18;https://pbs.twimg.com/media/GK-P2L5bcAAlhUc.jpg;;in;Central Java, Indonesia;0;1;0;https://twitter.com/erru_chaan/status/1778798551600173517;9.83251E+17;erru_chaan
1.77829E+18;Thu Apr 11 05:05:07 +0000 2024;31;Siksa Kubur udah tayang di bioskop mulai hari ini. Buat yang masih maju mundur mau nonton semoga review gue ini bisa sedikit membantu. ;1.77829E+18;;;in;;1;1;8;https://twitter.com/DarkOushiza/status/1778288143558725987;1.03341E+18;DarkOushiza
1.77849E+18;Thu Apr 11 18:08:51 +0000 2024;0;Maaf yaa review film Siksa Kubur nya aku hapus karena kata @dolpwl kalimat dalam utas review ku mirip sama punya temennya di LB Demi Allah aku sendiri juga gatau kok akun LB temennya apaan dan kurang kerjaan juga nyontek-nyontek kalimat review orang lain. (Cont.);1.77849E+18;;;in;Malang, Jawa Timur;0;3;0;https://twitter.com/udhiidhii/status/1778485376359018516;1.55329E+18;udhiidhii
1.77918E+18;Sat Apr 13 15:59:27 +0000 2024;0;pls mau review siksa kubur;1.77918E+18;;;in;;0;0;0;https://twitter.com/xeexoxess/status/1779177589816627701;1.72339E+18;xeexoxess
1.77841E+18;Thu Apr 11 13:26:44 +0000 2024;1;Ak akan review siksa kubur;1.77841E+18;;;in;Sapphic, MDNI;1;0;0;https://twitter.com/nooudie/status/1778414381954629730;1.58041E+18;nooudie
1.77941E+18;Sun Apr 14 07:30:09 +0000 2024;0;siksa kubur jelek kh? liat review banyak yg tdak puas;1.77941E+18;;;in;she/her || feel free to bub! ;0;2;0;https://twitter.com/glassybliss/status/1779411806500647345;8.50641E+17;glassybliss
1.779E+18;Sat Apr 13 04:29:52 +0000 2024;0;Siksa Kubur ga seru ya ngeliat review yg habis nonton.;1.779E+18;;;in;Jakarta Capital Region;0;0;0;https://twitter.com/Imade_kun/status/1779004051985965127;1.24826E+18;Imade_kun
1.77916E+18;Sat Apr 13 14:54:24 +0000 2024;0;review siksa kubur dong gais;1.77916E+18;;;in;Malang, Jawa Timur;0;0;0;https://twitter.com/thiyaff/status/1779161220316336315;2884965365;thiyaff
1.77797E+18;Wed Apr 10 08:02:07 +0000 2024;0;gua gak sabar buat review siksa kubur sama badarawuhi di desa penari;1.77797E+18;;;in;black vessel;0;1;0;https://twitter.com/timelinesurfrs/status/1777970301462315407;1.28125E+18;timelinesurfrs
1.77855E+18;Thu Apr 11 22:17:30 +0000 2024;1;Review siksa kubur Jujurly dr pas sita ikut ke kubur itu sn pak wahyu dan scene setelahnya gua udah menduga ini tu dia halu apa emg gimana jd kaya mimpi aja gitu.. Itu gua udah menduga Diotak gua kaya ini yang real bagian mana sm yang mimpi bagian mana gitu2 ;1.77855E+18;;;in;;0;0;0;https://twitter.com/icarusfalls76/status/1778547951322968166;1.22534E+18;icarusfalls76
1.77833E+18;Thu Apr 11 07:33:16 +0000 2024;4;Gue baru keluar nonton Siksa Kubur tapi butuh review. Kayak... Keluar studio kok bingung;1.77833E+18;;;in;Indonesia;0;10;0;https://twitter.com/goodnessofher/status/1778325428832456720;78227605;goodnessofher
1.77902E+18;Sat Apr 13 05:21:20 +0000 2024;0;ngeliat review orang2 yg udah nonton siksa kubur kayanya filmnya penuh puzzle ya?;1.77902E+18;;;in;;0;1;0;https://twitter.com/hellOKayz/status/1779017002293854248;1.5713E+18;hellOKayz
1.77903E+18;Sat Apr 13 06:05:00 +0000 2024;3;Wal adakah yg udah nonton siksa kubur? Review dikit dong bagus atau engga;1.77903E+18;;;in;samarinda;0;6;0;https://twitter.com/samarindabasee/status/1779027990799851723;1.47909E+18;samarindabasee
1.77875E+18;Fri Apr 12 11:20:50 +0000 2024;0;Abis nonton Siksa Kubur sesek nafas anjir review lengkap coming soon;1.77875E+18;;;in;;0;6;0;https://twitter.com/AnakTakoyaki/status/1778745084038824075;1.33762E+18;AnakTakoyaki
1.77902E+18;Sat Apr 13 07:06:20 +0000 2024;230;@moviemenfes Screen time dia memang seuprit tapi semua kekacauan di Siksa Kubur gegara scene ini...jangan sampe telat masuk studio gaes...;1.77904E+18;;moviemenfes;in;;0;3;0;https://twitter.com/Layar_Buram/status/1779043426790682991;1.45506E+18;Layar_Buram
1.7791E+18;Sat Apr 13 10:52:32 +0000 2024;0;Siksa kubur ini dia review nya bagus banget dan menarik buat ditonton sih. Semoga tidak mengecewakan lah yaa;1.7791E+18;;;in;Indonesia;0;1;0;https://twitter.com/bgsthayam/status/1779100351989530750;1.12162E+18;bgsthayam
1.77876E+18;Fri Apr 12 12:35:38 +0000 2024;0;Ciri2 film bagus adalah yg buat kita cari2 review tentang film itu karena masih belum puas sesudah nonton dan pengen tahu lebih. #SiksaKubur;1.77876E+18;;;in;;0;0;0;https://twitter.com/fandeska_/status/1778763911078023181;632117057;fandeska_
1.77908E+18;Sat Apr 13 09:50:02 +0000 2024;0;Sudah selesai menonton film Siksa Kubur karya Joko Anwar. Nanti biar coba ku review;1.77908E+18;;;in;Dubai, United Arab Emirates;0;1;0;https://twitter.com/irfanms_12/status/1779084621566935440;624230148;irfanms_12
1.77876E+18;Fri Apr 12 12:34:59 +0000 2024;1;oke berikut review gua buat siksa kubur perlu dicatat ini experience langsung dari gua selama nonton..;1.77876E+18;;;in;;0;1;0;https://twitter.com/melloncollide/status/1778763745205842029;1.37968E+18;melloncollide
1.77911E+18;Sat Apr 13 11:48:27 +0000 2024;3;review singkat siksa kubur???? (+) acting para pemainnya ga kaleng kaleng sgt wow (+) cinematography kereennn spt biasa joko anwar (+) penempatan music yg oke dan ga berlebihan (+) / (-) jumpscare yg ga bertubi tubi cenderung kurang malahan tp masih oke buat yg kagetan https://t.co/qK3T75uwqb;1.77911E+18;https://pbs.twimg.com/media/GLCvIetXIAA_5PM.jpg;;in;;0;1;0;https://twitter.com/__pap0yy/status/1779114424709878236;1.15941E+18;__pap0yy
1.77877E+18;Fri Apr 12 12:54:03 +0000 2024;0;abis nonton #SiksaKubur review dari aku yg gasuka nonton bioskop tp selalu gabisa skip film om joko anwar ini memuaskan pol. orang-orang mukanya suram abis nonton ak malah ketawa senyum seru!!! byk yg highlight scene mesin cuci tp aku lebih suka sm scene adil di dalam loker;1.77877E+18;;;in;;0;2;0;https://twitter.com/mausukamtk/status/1778768546132275318;1.35875E+18;mausukamtk
1.77844E+18;Thu Apr 11 14:49:31 +0000 2024;0;Ngeliat review film siksa kubur ternyata dosa2nya rata2 yg dosa2 fisik kaya perkosaan dll. Gua kira bakal up dosa2 kaya meninggalkan sholat gibah dll.;1.77844E+18;;;in;;0;1;0;https://twitter.com/kimmytaeev/status/1778435214152548380;1.43593E+18;kimmytaeev
1.77898E+18;Sat Apr 13 03:01:55 +0000 2024;0;kok belum ada review siksa kubur yang lewat tl ya???;1.77898E+18;;;in;dmn y;0;0;0;https://twitter.com/halloowya/status/1778981917171622128;1.12199E+18;halloowya
1.7784E+18;Thu Apr 11 12:17:32 +0000 2024;1;Review Film Siksa Kubur (2024);1.7784E+18;;;in;Japan;0;1;0;https://twitter.com/yakawle/status/1778396965405106198;1.24495E+18;yakawle
1.77839E+18;Thu Apr 11 11:38:41 +0000 2024;0;teman-teman... adakah yang sudah nonton siksa kubur? (sangat butuh review);1.77839E+18;;;in;;0;0;0;https://twitter.com/champbellrose/status/1778387187631095861;1.73307E+18;champbellrose
1.77861E+18;Fri Apr 12 02:29:54 +0000 2024;0;mau nonton siksa kubur jadi ragu karna byk yg review kureng;1.77861E+18;;;in;;0;1;0;https://twitter.com/wannaberuto/status/1778611472257745322;1.5808E+18;wannaberuto
1.77903E+18;Sat Apr 13 06:28:01 +0000 2024;0;serius dah gegara banyak banget review siksa kubur seliweran gua jadi penasaran banget banget banget sama film ini;1.77903E+18;;;in;;0;0;0;https://twitter.com/wavebyearth/status/1779033784610132148;1.43924E+18;wavebyearth
1.77918E+18;Sat Apr 13 16:25:07 +0000 2024;0;Sudah nonton siksa kubur! Waktunya baca spoiler review dan teori!!;1.77918E+18;;;in;Yogyakarta;0;0;0;https://twitter.com/cryoncat/status/1779184048281440601;631979038;cryoncat
1.77832E+18;Thu Apr 11 07:05:09 +0000 2024;0;W mau nonton siksa kubur tp takut kena scam dahh HAHA review nya pd bilang seru2 tau2nya pas nonton kyk film hidayah lagi ;1.77832E+18;;;in;;0;3;0;https://twitter.com/Sabilaulia_/status/1778318353452667123;1.65736E+18;Sabilaulia_
1.77887E+18;Fri Apr 12 19:51:54 +0000 2024;0;banyak bgt review film Siksa Kubur seliweran jadi pengen nonton;1.77887E+18;;;in;;0;1;0;https://twitter.com/a_meridiana/status/1778873700596818231;1.72195E+18;a_meridiana
1.77892E+18;Fri Apr 12 23:08:40 +0000 2024;0;@rvitess Cek review aku buat film Siksa Kubur https://t.co/gVuVU2unSn;1.77892E+18;;rvitess;in;Malang, Jawa Timur;0;1;0;https://twitter.com/udhiidhii/status/1778923215588581457;1.55329E+18;udhiidhii
1.77947E+18;Sun Apr 14 11:34:55 +0000 2024;2;Lanjutin atau culik @jejenjreng https://t.co/XclnlEYg8G;1.77947E+18;https://pbs.twimg.com/media/GLH1oJvaAAA3jCK.jpg;;in;;1;1;0;https://twitter.com/madarkham/status/1779473405630410924;1.51109E+18;madarkham
1.77829E+18;Thu Apr 11 05:07:06 +0000 2024;0;sedang menantikan review siksa kubur dan badarawuhi. penasaran mana yg lebih mantep;1.77829E+18;;;in;Mojokerto, Jawa Timur;0;0;0;https://twitter.com/faozeeya_/status/1778288643628843246;3309420937;faozeeya_
1.77842E+18;Thu Apr 11 13:55:17 +0000 2024;0;Review Film Siksa Kubur : Membingungkan Tapi Kok Logis di show pertama saya akhirnya milih lihat mbak Sita di Siksa Kubur ini review jujur saya ratingnya perbagian akting sound art dsb pertama nonton karya bang @jokoanwar di Bioskop https://t.co/rqOLMxwgtY;1.77842E+18;;;in;Indonesia;0;1;0;https://twitter.com/justdeaan/status/1778421565354545633;7.45658E+17;justdeaan
1.77868E+18;Fri Apr 12 06:47:59 +0000 2024;23;Wahh terimakasih banyak udah nonton dan udah review Siksa Kubur yaa;1.77868E+18;;;in;Jakarta;0;1;0;https://twitter.com/jokoanwar/status/1778676422456103024;18862596;jokoanwar
1.77949E+18;Sun Apr 14 12:36:33 +0000 2024;1;setelah membaca ratusan reviews dan penjelasan for me film siksa kubur dibuat terlalu liar dan multi tafsir. yah akhirnya bnyk yg get lost karena yang berkaitan dgn agama agak susah klo dibuat multi tafsir apalagi dalam bentuk film horror bener baca Quran dan Hadist deh ;1.77949E+18;;;in;;0;0;0;https://twitter.com/hajikosimm/status/1779488917051613185;1.15424E+18;hajikosimm
1.77895E+18;Sat Apr 13 00:46:27 +0000 2024;1;liat review siksa kubur kok pda blg bagus jd penasaran deh....;1.77895E+18;;;in;;0;0;0;https://twitter.com/lech3a/status/1778947825684074699;1.0089E+18;lech3a
1.77916E+18;Sat Apr 13 15:04:50 +0000 2024;0;Setelah nulis review #SiksaKubur https://t.co/wxjhTmn4Zg dan membaca twit Bang Joko yang ini aku mau membuat interpretasi versi pribadi terkait gonjang-ganjing teori di timeline berdasarkan judul-judul original soundtrack-nya. Mengingat ada 35 judul lagu pelan-pelan yak ;1.77916E+18;;;in;Indonesia / England;0;1;0;https://twitter.com/AuLMisbahul/status/1779163846714003797;47369978;AuLMisbahul
1.77939E+18;Sun Apr 14 05:52:29 +0000 2024;0;baca thread orang review film siksa kubur seru bgt dah;1.77939E+18;;;in;;0;0;0;https://twitter.com/aiueoiloveua/status/1779387227824628140;1.62284E+18;aiueoiloveua
1.77875E+18;Fri Apr 12 11:37:06 +0000 2024;1;Sudah pada nonton #SiksaKubur dan #BadarawuhiDiDesaPenari kan? Jangan lupa mampir ke @skorfilm untuk kasih review dan skornya. https://t.co/CJCKyKWl3i https://t.co/mgW8i0ubQ1;1.77875E+18;https://pbs.twimg.com/media/GK9i81IaEAAUJGy.jpg;;in;Jakarta;0;1;1;https://twitter.com/adithiarangga/status/1778749178631631049;74702887;adithiarangga
1.77868E+18;Fri Apr 12 07:17:50 +0000 2024;0;Guyss yang udah nonton siksa kubur dan badarawuhi review dong dan ratingkan. Mau nonton bimbang mau yg mana;1.77868E+18;;;in;??wonderland;0;1;0;https://twitter.com/ElfieraSalff/status/1778683932114026655;1605855553;ElfieraSalff
1.77913E+18;Sat Apr 13 12:53:26 +0000 2024;0;udah ada yg nonton siksa kubur belum? Mau minta review nya dong buat yg nonton sekilas aja ;1.77913E+18;;;in;he/him;0;2;0;https://twitter.com/Zapeach_/status/1779130777235775754;1636973550;Zapeach_
1.77881E+18;Fri Apr 12 15:48:54 +0000 2024;0;"Review Siksa Kubur (2024) dir. by Joko Anwar Selalu suka vibes² jadul yg dibawa Jokan difilm²nya ini jumpscarenya masih bs diitung jari sih krn yg bkin serem tuh sensasinya (apalagi yg pas dikubur brasa bnran kerasa seseknya) overall 8 9/10 sih krn menggantung &amp; bikin mikir bgt";1.77881E+18;;;in;any prns | freepalestine????;0;0;0;https://twitter.com/aprilboyhwa/status/1778812546675511761;1.38261E+18;aprilboyhwa
1.77858E+18;Fri Apr 12 00:40:57 +0000 2024;0;Sedangg membaca review netizen ttng Siksa Kubur.;1.77858E+18;;;in;Jakarta Capital Region;0;0;0;https://twitter.com/moosetofa/status/1778584051613642771;410541231;moosetofa
1.77882E+18;Fri Apr 12 16:26:38 +0000 2024;0;Mau baca review siksa kubur tapi aku takut woi;1.77882E+18;;;in;Ira, she/her (19+);0;0;0;https://twitter.com/landongitis/status/1778822041388654839;1.51306E+18;landongitis
1.77942E+18;Sun Apr 14 09:05:05 +0000 2024;0;@stitych REVIEW SIKSA KUBUR FIII;1.77944E+18;;stitych;in;;0;1;0;https://twitter.com/pawzs/status/1779435700393533499;3003114740;pawzs
1.77877E+18;Fri Apr 12 13:06:59 +0000 2024;0;kmrn2 gw kayaknya bookmark-in review siksa kubur tp di mana ya;1.77877E+18;;;in;?? 1~2?—?? 4~5?—??? 1?—??—??;0;0;0;https://twitter.com/sengwooyoun/status/1778771798160740520;8.7835E+17;sengwooyoun
1.77915E+18;Sat Apr 13 13:54:15 +0000 2024;0;kenapa banyak yg review siksa kubur tuh seru... jadi mau nonton;1.77915E+18;;;in;;0;1;0;https://twitter.com/coldestoctober/status/1779146080304955584;1.15677E+18;coldestoctober
1.77788E+18;Wed Apr 10 01:48:28 +0000 2024;0;Okeh tiket Siksa Kubur sudqh diamankan abis nonton besok langsung review.;1.77788E+18;;;in;Sweden;0;0;0;https://twitter.com/kaleng_emping/status/1777876270543675578;1.74255E+18;kaleng_emping
1.77883E+18;Fri Apr 12 16:55:37 +0000 2024;0;"Seru bgt baca review &amp; teori siksa kubur ";1.77883E+18;;;in;Indonesia;0;0;0;https://twitter.com/twtnyagibz/status/1778829338332606756;1.62505E+18;twtnyagibz
1.77851E+18;Thu Apr 11 19:49:04 +0000 2024;0;Dari banyaknya review siksa kubur yang kaya orang orang gajelas lah loncat loncat lah tapi gue ttp pengen nnton karna film² nya jokan seru seru ya bajingann kalo cwk tuh tipe gwehj banget contohnya kaya pintu terlarang sama modus anomali lu sekali nnton juga pasti bakal hah heh;1.77851E+18;;;in;vkook;0;1;0;https://twitter.com/akumicentaimu/status/1778510597828800915;1.04631E+18;akumicentaimu
1.77848E+18;Thu Apr 11 17:30:04 +0000 2024;1;Review + Rate Siksa Kubur by Joko Anwar Untuk sementara Rateku di 7 9/10 dulu sih karna masih mixed feeling sama film ini. Nanti kayanya mau nonton lagi wkwk. Overall film siksa kubur ini menurutku bagus banget! Selama nonton sering banget bilang hah fak dan beneran gak-;1.77848E+18;;;in;;0;1;0;https://twitter.com/desertedboba/status/1778475620214976893;1.01737E+18;desertedboba
1.77913E+18;Sat Apr 13 12:41:37 +0000 2024;0;oke gua mau coba buat review kecil2an terkait film siksa kubur karya om @jokoanwar yang barusan saya tonton di @cinema21 - sebuah utas (anjay);1.77913E+18;;;in;;0;1;0;https://twitter.com/ddaaapppp/status/1779127804325745059;1.18462E+18;ddaaapppp
1.77917E+18;Sat Apr 13 15:23:01 +0000 2024;1;"Review Siksa Kubur dari para penulis &amp; pengulas film ? https://t.co/etKOxiHGQy";1.77917E+18;https://pbs.twimg.com/media/GLDgPgbXgAAomh9.jpg;;in;Jakarta Capital Region;0;0;0;https://twitter.com/RapiFilm/status/1779168418949935222;284982564;RapiFilm
1.77879E+18;Fri Apr 12 14:26:12 +0000 2024;0;butuh review dan spoiler film siksa kubur dan badarawuhi (bcs gweh takut tapi penasaran pgn nonton);1.77879E+18;;;in;in eternity;0;0;0;https://twitter.com/itsmyzn/status/1778791733582758247;1.09809E+18;itsmyzn
1.7792E+18;Sat Apr 13 17:19:29 +0000 2024;0;Kok gw liatnyaaaa perang review Badarawuhi vs Siksa Kubur yang B feeling bakal kek banyak semacam silent reviewer ya (kek ga di post dimana mana tapi akan tetap nonton) jadi data nya akan lebih banyak yang B Gimana kira2 ya nanti?;1.7792E+18;;;in;;0;0;0;https://twitter.com/GameContinue108/status/1779197729786474643;1.23544E+18;GameContinue108
1.77929E+18;Sun Apr 14 00:44:09 +0000 2024;0;@wawanrawrr YIYOO MUMPUNG LEWAT REVIEW SIKSA KUBUR PLIS;1.77931E+18;;wawanrawrr;in;tpi boonk. ? ;0;1;0;https://twitter.com/rjlnive_/status/1779309635000037484;1.74548E+18;rjlnive_
1.7792E+18;Sat Apr 13 17:18:34 +0000 2024;0;Baca review org2 yg abis nonton siksa kubur kok menarikk yaaa;1.7792E+18;;;in;Jakarta Selatan, DKI Jakarta;0;0;0;https://twitter.com/missqueenbgtt/status/1779197499611435515;1.21075E+18;missqueenbgtt
1.77912E+18;Sat Apr 13 12:20:30 +0000 2024;0; SIKSA KUBUR Film horor yang mengundang penonton-nya buat menjelajahi lorong-lorong kegelapan pikiran manusia. #SiksaKubur #Badarawuhi #Horor #Lebaran Review SIKSA KUBUR AUTO LEMES SETELAH NONTON INI!! HOROR INDO TERBAIK ... https://t.co/D52HoVBzPI lewat @YouTube https://t.co/zl3b5PqvhV;1.77912E+18;https://pbs.twimg.com/media/GLC1ybuX0AAkAF_.jpg;;in;;0;0;0;https://twitter.com/CeritaFilm_21/status/1779122487839904089;1.68497E+18;CeritaFilm_21
1.7792E+18;Sat Apr 13 17:26:19 +0000 2024;0;fak jadi pengen nonton Siksa Kubur lagi setelah baca review wkwkwk;1.7792E+18;;;in;;0;0;0;https://twitter.com/ghiffyy/status/1779199449757270178;152475297;ghiffyy
1.77845E+18;Thu Apr 11 15:51:05 +0000 2024;0;ih byk yg review siksa kubur gue rencana nonton film ini tpi agk tkut nonton sendiri tpi pgnnya nonton sendiri;1.77845E+18;;;in;;0;0;0;https://twitter.com/foxymochii/status/1778450709333307533;1.64106E+18;foxymochii
1.77925E+18;Sat Apr 13 20:55:31 +0000 2024;3;Sebelum gw memikirkan tugas gw gw pengen nyicil hal hal yang ada di film Siksa Kubur mumpung masih inget. Mungkin sekaligus review kali ya SPOILER ALERT;1.77925E+18;;;in;Banjarmasin;0;1;0;https://twitter.com/txtdarifarabi/status/1779252098359771628;1.09259E+18;txtdarifarabi
1.77909E+18;Sat Apr 13 10:17:36 +0000 2024;0;Liat review siksa kubur aku jd penasaran pengen nonton juga... tapi gaada temen nontonnya ;1.77909E+18;;;in;unlabeled ? 16;0;0;0;https://twitter.com/koyokucing/status/1779091560547995796;1.68294E+18;koyokucing
1.77884E+18;Fri Apr 12 17:29:14 +0000 2024;0;Wowwww dr semua review tntng film siksa kubur penjelasan ini bikin gue paham sm maksud dr film yg di buat jokan itu apa ((wlopun blm nonton)) kita ga perlu melihat dulu untuk bisa percaya tentang apa yang sudah jelas resiko perintah atau larangan kalau tetap dilakukan;1.77884E+18;;;in;teletubbyland;0;0;0;https://twitter.com/leom00nty/status/1778837796486361303;1.45018E+18;leom00nty
1.77909E+18;Sat Apr 13 09:53:09 +0000 2024;1;Terpantau ada 130-an orang dari total 511.731 penonton SIKSA KUBUR yang udah kasih skor di https://t.co/zlQbXtlEcK. Yuk ikutan kasih skor dan review juga! https://t.co/GFCC1Zj3v3;1.77909E+18;https://pbs.twimg.com/media/GLCUvglakAAHWvt.jpg;;in;;1;1;0;https://twitter.com/skorfilm/status/1779085405671104977;1.75542E+18;skorfilm
1.7784E+18;Thu Apr 11 12:16:10 +0000 2024;0;review siksa kubur: fachri albar ;1.7784E+18;;;in;;0;0;0;https://twitter.com/KoryahGit/status/1778396621581250974;9.15697E+17;KoryahGit
1.77908E+18;Sat Apr 13 09:41:53 +0000 2024;1;Terima kasih teman-teman Tonton video review Siksa Kubur ini sampai selesai ya. #SiksaKubur https://t.co/tjnwCbzsSx;1.77908E+18;https://pbs.twimg.com/amplify_video_thumb/1779082490466242560/img/cSAVoT_oYL9Q4XxO.jpg;;in;Jakarta Capital Region;0;0;0;https://twitter.com/RapiFilm/status/1779082570032160895;284982564;RapiFilm
1.77941E+18;Sun Apr 14 07:40:35 +0000 2024;0;otw nonton siksa kubur di subay karena review mas nas;1.77941E+18;;;in;;0;0;0;https://twitter.com/labibubah/status/1779414431736492046;1.33879E+18;labibubah
1.77942E+18;Sun Apr 14 07:59:17 +0000 2024;0;Yg udah nonton siksa kubur review nya;1.77942E+18;;;in;;0;0;0;https://twitter.com/w_kurniawan_/status/1779419141210017828;458025787;w_kurniawan_
1.77874E+18;Sat Apr 13 06:03:13 +0000 2024;1;@shep_kazama @P1ckmewtoo @tanyakanrl Bang jhon review film siksa kubur dong.;1.77903E+18;;shep_kazama;in;Sukasari, Indonesia;0;1;0;https://twitter.com/pecanduUdud/status/1779027541577359711;1.60287E+18;pecanduUdud
1.77873E+18;Fri Apr 12 10:28:38 +0000 2024;0;@TarizSolis nunggu banget review dari si Mas satu ini . Apalagi Siksa KUBUR pasti Mas Tariz banget tuh https://t.co/grtxhoC091;1.77873E+18;https://pbs.twimg.com/media/GK9TRn3a0AAXFVi.jpg;TarizSolis;in;North Jakarta, DKI Jakarta;0;0;0;https://twitter.com/aby_surmadi/status/1778731949470937195;7.57801E+17;aby_surmadi
1.77932E+18;Sun Apr 14 01:15:22 +0000 2024;0;Review film siksa kubur dari rang orang bagus nih katanya tapi percayalah menjadi fans emyu lebih horor kek nya ;1.77932E+18;;;in;Indonesia;0;0;0;https://twitter.com/kokohtatan/status/1779317491992498675;1.17966E+18;kokohtatan
1.77909E+18;Sat Apr 13 10:21:13 +0000 2024;0;dari semua review siksa kubur yang muncul di tl gue simpulin mostly pada ga suka sama 3rd act nya yah ??? jadi penasaran ada apa disana;1.77909E+18;;;in;Lombardy, Italy;0;0;0;https://twitter.com/caramiioioioiii/status/1779092468384030868;1.30354E+18;caramiioioioiii
1.77918E+18;Sat Apr 13 16:00:00 +0000 2024;0;ADUH KETAWA NGAKAK SAMA PENDAPAT WARGA TIKTOK TENTANG KARAKTER ADIL DI SIKSA KUBUR;1.77918E+18;;;in;;0;2;0;https://twitter.com/madarkham/status/1779177727821828460;1.51109E+18;madarkham
1.7795E+18;Sun Apr 14 13:18:57 +0000 2024;0;Baru aja selesai nonton siksa kubur dan perasaannya sama dengan review berikut ini ;1.7795E+18;;;in;;0;0;0;https://twitter.com/akunspamdoang/status/1779499586840863010;1.33298E+18;akunspamdoang
1.77923E+18;Sat Apr 13 19:11:22 +0000 2024;1;Ngeri uy liat review siksa kubur orang-orang Twitter ;1.77923E+18;;;in;New South Wales, Australia;0;0;0;https://twitter.com/apol10s/status/1779225885666931036;1.63266E+18;apol10s
1.77876E+18;Fri Apr 12 12:23:56 +0000 2024;0;Gw nga pernah ntn karya Joko Anwar pengabdi setan aja nga ntn. Abs liat review siksa kubur hmmm ok ni coba ntn wkwkwk anjir tiap scene mual hoekhoek speechless merinding trs kepikiran solat tobat ya Allah ya Allah. The real spiritual journey nya sita;1.77876E+18;;yeorobunn;in;??;0;1;0;https://twitter.com/yeorobunn/status/1778760964621455563;377900878;yeorobunn
1.77851E+18;Fri Apr 12 12:56:44 +0000 2024;16;"@diidot @jokoanwar awalnya stlh nonton siksa kubur merasa filmnya B aja karena ga segokill pengabdi setan.. ternyata ngeri &amp; merindingnya muncul pas banyak review diskusi &amp; pembahasan seperti yg dibuat kak @diidot ini.. jadi merinding dan keinget lagi scene-scene dar der dor di ending filmnya..";1.77877E+18;;diidot;in;Malang, East Java;0;1;1;https://twitter.com/afrizal_ananta/status/1778769217741013156;575039342;afrizal_ananta
1.77892E+18;Fri Apr 12 23:14:29 +0000 2024;0;Review siksa kubur ini bakal panjang sih :);1.77892E+18;;;in;Kuningan, Indonesia;0;0;0;https://twitter.com/Pratamaagi/status/1778924679639748994;139606142;Pratamaagi
1.77862E+18;Fri Apr 12 03:21:31 +0000 2024;1;@baksocious siksa kubur aja deh KKN kan pasti kyk kmrn klo aku liat review nyaa mah heheh;1.77862E+18;;baksocious;in;~•OPEN•~;0;1;0;https://twitter.com/itzyournoona_/status/1778624459462869343;8.04704E+17;itzyournoona_
1.77904E+18;Sat Apr 13 08:23:15 +0000 2024;1;@riojohan Ini review yg saya paling suka soal film Siksa Kubur. Salut Rio;1.77906E+18;;riojohan;in;Jakarta Capital Region, Indone;0;1;0;https://twitter.com/fibay/status/1779062783344279797;19482779;fibay
1.77897E+18;Sat Apr 13 02:28:44 +0000 2024;0;@piyakiyak Kalo dari review keknya mending siksa kubur;1.77897E+18;;piyakiyak;in;?x?-? ????;0;1;0;https://twitter.com/Nasehunna/status/1778973567218319687;1.17306E+18;Nasehunna
1.77826E+18;Thu Apr 11 03:25:47 +0000 2024;15;Review kami untuk film Siksa Kubur bisa dibaca di tab Like dan highlight profile https://t.co/cTP0m8xPyS;1.77826E+18;;WatchmenID;in;Indonesia;1;0;1;https://twitter.com/WatchmenID/status/1778263146442190936;9.50632E+17;WatchmenID
1.77937E+18;Sun Apr 14 04:43:26 +0000 2024;0;Sengaja td malam malmingan nonton Film Siksa Kubur l @jokoanwar tanpa baca/lihat review dulu. Cuma nonton trailer yang diposting bang jokan aja. Ternyata bberapa detail kelewat. Emang nonton film bang Jokan gbs cuma sekali nonton sih. Salut banget sm semua castnya. Gila https://t.co/UXgfdWfJgn;1.77937E+18;https://pbs.twimg.com/media/GLGXckqa8AAlaiB.jpg;;in;Indonesia;0;0;0;https://twitter.com/naqiibah/status/1779369853377458506;321896189;naqiibah
1.77837E+18;Thu Apr 11 10:48:04 +0000 2024;0;"Spill dan review jangan? Kalau bowle dan pada penasaran saya akan membuat thread dengan judul -&gt; Siksa Kubur: Film Gagal Pertama Joko Anwar?!";1.77837E+18;;;in;Jakarta Capital Region;0;2;0;https://twitter.com/Cak_Haeder/status/1778374452998533263;722198846;Cak_Haeder
1.7786E+18;Fri Apr 12 01:30:03 +0000 2024;0;Nungguin dari tadi malem katanya orang mau review film siksa kubur.;1.7786E+18;;;in;;0;0;0;https://twitter.com/fatun73/status/1778596411225026705;1.70406E+18;fatun73
1.77913E+18;Sat Apr 13 13:10:03 +0000 2024;0;@arkaIfrani Review siksa kubur dulu;1.77913E+18;;arkaIfrani;in;CA;0;1;0;https://twitter.com/apopecalypse/status/1779134957451202930;342511861;apopecalypse
1.77938E+18;Sun Apr 14 05:24:47 +0000 2024;0;@scece Kalo dari review orang sih lebih rekomen yg siksa kubur.;1.77938E+18;;scece;in;;0;1;0;https://twitter.com/bakwwan/status/1779380259349315965;1.40774E+18;bakwwan
1.77882E+18;Fri Apr 12 16:28:31 +0000 2024;0;WOI REVIEW DONG SIKSA KUBUR;1.77882E+18;;;in;V's;0;0;0;https://twitter.com/aerichamndesu/status/1778822516225810880;1.62977E+18;aerichamndesu
1.77937E+18;Sun Apr 14 04:57:32 +0000 2024;0;AAAAA mau nonton siksa kubur bgt gue penasaran grgr baca review orang di letterboxd;1.77937E+18;;;in;she/her ? #LN4;0;2;0;https://twitter.com/martabakjpg/status/1779373399284048382;1.46853E+18;martabakjpg
1.77838E+18;Thu Apr 11 10:54:34 +0000 2024;1;Tidak lupa juga Ceon sekalian nonton film Siksa Kubur. Film yg satu ini berbeda dri horor religi kebanyakan dan banyak scene yang ga diexpect sm skli terutama di babak ketiganya. Review lengkapnya menyusul yaa~ . #vtuber #siksakubur #filmsiksakubur #jokoanwar;1.77838E+18;;;in;;0;0;0;https://twitter.com/CeonHectorvia/status/1778376085811638305;1.55621E+18;CeonHectorvia
1.77773E+18;Tue Apr 09 19:59:52 +0000 2024;0;@moviemenfes Buat yang mau nonton Siksa Kubur https://t.co/xM7TQLttMp;1.77779E+18;;moviemenfes;in;;0;0;0;https://twitter.com/fxdhilrxm/status/1777788541151613418;629325216;fxdhilrxm
1.77871E+18;Fri Apr 12 09:06:01 +0000 2024;0;Yang review Siksa Kubur udah 55 aja nih. Kamu udah ikut ripyu belom? https://t.co/CsFMH7Br4i;1.77871E+18;;;in;Shatterdome Anchorage;1;2;0;https://twitter.com/ssetiawan/status/1778711156422795697;48053374;ssetiawan
1.77862E+18;Fri Apr 12 03:15:00 +0000 2024;0;Ini review mvs Siksa Kubur nya napa ada potonya kk Jennie Blackpink sih;1.77862E+18;;;in;MORE INFO CHECK LIKES;0;1;0;https://twitter.com/moviemenfes/status/1778622821205459178;1565895180;moviemenfes
1.77922E+18;Sat Apr 13 18:28:23 +0000 2024;0;Nonton siksa kubur sebenernya biasa aja tapi epik nya itu di ending scene nya setelah baca review filmnya di twitter sangat membantu dan mind blow. @jokoanwar big respect bang. Keknya ini film Jokan yg kedua bakal gua jadiin judul lagu buat band gua puritans.;1.77922E+18;;;in;;0;1;0;https://twitter.com/johnxgond/status/1779215071518044545;1.29073E+18;johnxgond
1.77865E+18;Fri Apr 12 04:49:37 +0000 2024;0;Review super singkat siksa kubur hhh https://t.co/sFXMgl85GI;1.77865E+18;;;in;Zine Mizu no Nai Pool;0;0;0;https://twitter.com/kucingtawur/status/1778646633351438664;77684045;kucingtawur
1.77844E+18;Thu Apr 11 15:13:02 +0000 2024;0;Udh lama gak sempet review film karena kurang fit dan mencoba untuk mengurangi screen time! Special comeback kali ini review 2 film horror Indo yang tayang perdana untuk public hari ini bukan ajang compare cuman ya kebetulan aja nonton bergantian #SiksaKubur #Badarawuhi https://t.co/CVz1x98wM7;1.77844E+18;https://pbs.twimg.com/media/GK5KxCKbcAAdwtN.jpg;;in;;0;1;0;https://twitter.com/iucup/status/1778441134492254600;68680448;iucup
1.77872E+18;Fri Apr 12 09:35:07 +0000 2024;0;Review Film: Sajian Horor Mencekam tentang Perihnya Siksa Kubur https://t.co/aOyh7CE3oQ;1.77872E+18;;;in;Indonesia;0;0;0;https://twitter.com/kompasiana/status/1778718480780742956;23786106;kompasiana
1.77834E+18;Fri Apr 12 05:42:37 +0000 2024;77;@moviemenfes PLSS REVIEW SIKSA KUBUR DONG YG UDAH NONTONN bingung mau nonton exhuma lagi atau nonton ini aja ;1.77866E+18;;moviemenfes;in;NEW USN TELE ????;0;8;0;https://twitter.com/sadbiitchie/status/1778659970982269102;1.14698E+18;sadbiitchie
1.77945E+18;Sun Apr 14 09:58:08 +0000 2024;0;@nadkthv Siksa kubur mom nanti kasih aku review ;1.77945E+18;;nadkthv;in;??? ???? ;0;1;0;https://twitter.com/thvheart_/status/1779449050758308186;1.4152E+18;thvheart_
1.77882E+18;Fri Apr 12 16:10:27 +0000 2024;0;@moviemenfes Sorry mau munta review jujur dong buat yg udh nonton siksa kubur. Beneran bagus atau gimana? Mau nonton dr kemaren bingung bngt;1.77882E+18;;moviemenfes;in;;0;8;0;https://twitter.com/apriltie/status/1778817969679991215;1.22358E+18;apriltie
1.77901E+18;Sat Apr 13 05:18:33 +0000 2024;0;@bucinnyajin04 Siksa kubur soalnya banyak review badarawuhi ga bagus;1.77902E+18;;bucinnyajin04;in;;0;1;0;https://twitter.com/sugarDyoon/status/1779016302868521080;1.40838E+18;sugarDyoon
1.77948E+18;Sun Apr 14 12:13:15 +0000 2024;0;Gue baru kali ini tertarik buat nonton horor. Review orang2 tttg film Siksa Kubur kayanya gak leading ke arah yg aneh2 malah jd byk buka diskusi2 menarik sejenis ini. Apakah gue harus mencoba nonton horor lagi setelah teerakhir kali nonton Lentera Merah di DVD pinjeman? ;1.77948E+18;;;in;;0;0;0;https://twitter.com/greythoughtwell/status/1779483053062238573;1.67456E+18;greythoughtwell
1.77901E+18;Sat Apr 13 05:06:33 +0000 2024;0;Fak kta gw teh nyari review an ak ini pale search review gak ketemu pantesan orang nulisnya riview siksa kubur;1.77901E+18;;;in;dauper ;0;0;0;https://twitter.com/piiyychan/status/1779013282080448991;9.01008E+17;piiyychan
1.77899E+18;Sat Apr 13 03:26:50 +0000 2024;0;Review dan Sinopsis Film Siksa Kubur Horor dan Mendalam #filmsiksakubur #SiksaKubur #HorrorMovies #FilmCraftxOneconnection #film #Neraka #pramugari #selingkuh https://t.co/I2ZqOdlSK3;1.77899E+18;;;in;Indonesia;0;0;0;https://twitter.com/Xfokus_/status/1778988186657865934;9.09993E+17;Xfokus_
1.77829E+18;Thu Apr 11 05:09:19 +0000 2024;4;Kalian nonton aja dulu review selengkapnya mimin di yutup. Pertama tentunya #SiksaKubur pencapaian terbaru @jokoanwar yang berhasil menyuguhkan horor religi yang berbeda. https://t.co/rBNoz4zMKR;1.77829E+18;;cinecrib_;in;Indonesia;0;1;2;https://twitter.com/cinecrib_/status/1778289200640778568;2457563216;cinecrib_
1.77862E+18;Fri Apr 12 03:20:23 +0000 2024;0;Yak! Review-review Letterboxd buat Siksa Kubur dan Badarawuhi semakin rame. Segera sempatkan nonton Guys!;1.77862E+18;;;in;Jakarta Capital Region;0;0;0;https://twitter.com/monstreza/status/1778624175680410005;297832764;monstreza
1.77878E+18;Fri Apr 12 23:53:22 +0000 2024;0;@tanyarlfes Butuh review siksa kubur?emg iya kureng gitu?;1.77893E+18;;tanyarlfes;in;;0;0;0;https://twitter.com/old_jeansz/status/1778934464762237293;1.34786E+18;old_jeansz
1.77831E+18;Thu Apr 11 06:18:03 +0000 2024;2;Setelah baca 2 review ini w lebih condong ke siksa kubur tp nunggu review dua hati biru sekalian;1.77831E+18;;;in;Japan;0;0;0;https://twitter.com/rvhkm_/status/1778306500483781114;1.09E+18;rvhkm_
1.77831E+18;Thu Apr 11 08:17:11 +0000 2024;0;@biskuitn Siksa kubur nanti kasih review ke aku;1.77834E+18;;biskuitn;in;QRIS;0;1;0;https://twitter.com/oreotte/status/1778336480320258429;1.54918E+18;oreotte
1.77864E+18;Fri Apr 12 04:18:25 +0000 2024;0;@guib1n Kalo nonton kasih review tab gw bingung badarawuhi apa siksa kubur;1.77864E+18;;guib1n;in;my account my rules;0;1;0;https://twitter.com/jinsuhanie/status/1778638780121194826;8.60212E+17;jinsuhanie
1.77945E+18;Sun Apr 14 10:43:57 +0000 2024;0;@Yusrilalamsyah9 @happynewjerks aman ajril a berkabri yes. btw eta salfok keur nonton review siksa kubur a? hahaha;1.77946E+18;;Yusrilalamsyah9;in;;0;1;0;https://twitter.com/sartorialnc/status/1779460579838894248;449513326;sartorialnc
1.77937E+18;Sun Apr 14 05:00:47 +0000 2024;0;@ututuhh badarawuhi kayanya. siksa kubur katanya ga bagus dari review yang bersliweran di toktok.;1.77937E+18;;ututuhh;in;;0;1;0;https://twitter.com/guasiapasihdah/status/1779374220377784486;1.40938E+18;guasiapasihdah
1.77915E+18;Sat Apr 13 14:29:08 +0000 2024;0;Gue kayanya besok kalo rewatch Siksa Kubur akan bawa notebook fr;1.77915E+18;;;in;;1;0;0;https://twitter.com/madarkham/status/1779154859759128883;1.51109E+18;madarkham
1.77936E+18;Sun Apr 14 03:55:04 +0000 2024;0;Bingung mau nonton Siksa Kubur atau Dua Hati Biru. Tapi baca review SK bikin penasaran sama full plotnya;1.77936E+18;;;in;;0;0;0;https://twitter.com/lovincham/status/1779357681737961543;9.77746E+17;lovincham
1.77877E+18;Fri Apr 12 13:11:45 +0000 2024;0;Lagi nyari review kritis film Siksa Kubur nggak cuma puja-puji. Ada nggak?;1.77877E+18;;;in;Jakarta;1;0;0;https://twitter.com/Alex_Junaidi/status/1778772997689774337;96277189;Alex_Junaidi
1.77685E+18;Sun Apr 07 05:46:06 +0000 2024;1;Review Film Siksa Kubur: Horor Religi yang Dikemas Rapi dan Punya Makna Mendalam https://t.co/0V2hk9PFzv #TempoSeleb;1.77685E+18;;;in;Indonesia;1;0;0;https://twitter.com/tempodotco/status/1776848907789803967;18129942;tempodotco
1.77945E+18;Sun Apr 14 09:42:18 +0000 2024;0;Gua lupa belum review full Siksa Kubur di akun sebelah hehe;1.77945E+18;;;in;;0;0;0;https://twitter.com/chocochiizzuu/status/1779445063594196999;973803007;chocochiizzuu
1.77841E+18;Thu Apr 11 13:20:19 +0000 2024;0;Belum nonton badarawuhi sih but so far review nya so so masih unggul siksa kubur dikit tapi kalo ngeliat pasar dan banyaknya bocil2 tadi yang ke bioskop gue rasa badarawuhi bisa menang secara total nanti but lets see itu cuman salah satu faktor aja dan bisa aja aku salah.;1.77841E+18;;;in;;0;0;0;https://twitter.com/reveuniverse/status/1778412765402775634;1.45657E+18;reveuniverse
1.77916E+18;Sat Apr 13 14:30:48 +0000 2024;0;Kuliah 2 sks bersama Joko Anwar;1.77916E+18;;;in;;0;0;0;https://twitter.com/madarkham/status/1779155281681039489;1.51109E+18;madarkham
1.77906E+18;Sat Apr 13 08:19:23 +0000 2024;0;daritadi review siksa kubur di tl kepo bgt mw nonton tp takut dikit;1.77906E+18;;;in;22;0;1;0;https://twitter.com/moccaluvitsme/status/1779061810005676197;7.4358E+17;moccaluvitsme
1.77858E+18;Fri Apr 12 00:31:07 +0000 2024;0;naura minta gue nemenin nonton film trs dia blg gaada yg mau nemenin gue cok yaiyalah yg mau lo tonton siksa kubur jancuk udh pasti SEREM lu liat aja review nyh ;1.77858E+18;;;in;somewhere in jkt;0;1;0;https://twitter.com/toyiwstyowi/status/1778581579658580436;1.43478E+18;toyiwstyowi
1.77919E+18;Sat Apr 13 16:46:06 +0000 2024;0;Sangat menyenangkan ngeliat review #SiksaKubur isinya malah orang pada berantem . Yang bilang bagus banget dikatain sok iya/penyefong handal yang bilang jelek dikatain IQ rendah . Menikmatin film kan selera pribadi justru lebih asik beda pendapat daripada seragam semua.;1.77919E+18;;;in;Valhalla;0;0;0;https://twitter.com/Spidermegu/status/1779189330134835332;862062020;Spidermegu
1.77948E+18;Sun Apr 14 12:17:05 +0000 2024;0;Setelah baca dan nonton review-review #SiksaKubur ternyata ada yang sesuai dugaan saya. Selain itu beberapa pertanyaan yang nyangkut di pikiran selama dan setelah nonton pun akhirnya dapat pencerahan. Hmmmmmm....;1.77948E+18;;;in;LV;0;0;0;https://twitter.com/ninaninoooooo/status/1779484016577802293;43059102;ninaninoooooo
1.77828E+18;Thu Apr 11 14:01:04 +0000 2024;0;@jokoanwar bang saya nulis unek-unek panjang lebarnya di blog dibawah semoga dibaca yak Filmnya bagus tapi masih ada yang mengganjal hahahah https://t.co/rqOLMxwgtY;1.77842E+18;;jokoanwar;in;Indonesia;0;0;0;https://twitter.com/justdeaan/status/1778423020228595829;7.45658E+17;justdeaan
1.77805E+18;Thu Apr 11 04:06:21 +0000 2024;0;@ctrlchanyoung The first omen katanya bagus kalo dari review yaa Gue pilih siksa kubur sih nanti WKWKWK;1.77827E+18;;ctrlchanyoung;in;;0;1;0;https://twitter.com/prehistoriize/status/1778273354535047473;1.75014E+18;prehistoriize
1.77843E+18;Thu Apr 11 14:44:26 +0000 2024;0;@moviemenfes Review film Siksa Kubur https://t.co/xM7TQLttMp;1.77843E+18;;moviemenfes;in;;0;0;0;https://twitter.com/fxdhilrxm/status/1778433936047452366;629325216;fxdhilrxm
1.77827E+18;Thu Apr 11 03:54:10 +0000 2024;3;@nasrudinmar Review siksa kubur nya? Yg tayang hari ini kan 2 film;1.77827E+18;;nasrudinmar;in;Kota Surabaya, Jawa Timur;0;0;0;https://twitter.com/hoegaathett/status/1778270291531296856;8.62315E+17;hoegaathett
1.779E+18;Sat Apr 13 05:34:44 +0000 2024;0;@damwoodz Siksa kubur dr kmrn liat review org org lumayaan buat di tonton;1.77902E+18;;damwoodz;in;;0;0;0;https://twitter.com/yedamrightnow/status/1779020372274516175;1.65985E+18;yedamrightnow
1.77909E+18;Sat Apr 13 10:14:04 +0000 2024;0;Review siksa kubur dong malem gue mau nonton;1.77909E+18;;;in;Read byf!;0;0;0;https://twitter.com/vitydoor/status/1779090672680833493;1.31945E+18;vitydoor
1.77825E+18;Thu Apr 11 02:17:20 +0000 2024;5;setelah melihat review watchmenid hari ini gue memutuskan mau nonton siksa kubur ;1.77825E+18;;;in;;0;0;0;https://twitter.com/avocadisj/status/1778245921794641960;1912991828;avocadisj
1.77937E+18;Sun Apr 14 11:59:09 +0000 2024;0;@backburnexr iya aku liat review nya malah banding bandingin sama siksa kubur;1.77948E+18;;backburnexr;in;her;0;1;0;https://twitter.com/magnrola/status/1779479502747496924;9.01154E+17;magnrola
1.77918E+18;Sat Apr 13 16:07:31 +0000 2024;0;@petrchr review siksa kubur dulu dong bagus enggak;1.77918E+18;;petrchr;in;soc, indo;0;1;0;https://twitter.com/leciteaaja/status/1779179619675152655;1.22424E+18;leciteaaja
1.77934E+18;Sun Apr 14 03:00:08 +0000 2024;0;Gimana nih yang udah ikut Sita membuktikan adanya Siksa Kubur? Share review kalian di kolom komentar ya Buat yang penasaran langsung aja amanin tiket kamu bareng temen nonton lewat aplikasi TIX ID! #TIXID #SiksaKubur #Horor #Bioskop https://t.co/HCN9r5rhL9;1.77934E+18;https://pbs.twimg.com/media/GLF_zjxXIAELMzY.jpg;;in;Jakarta Capital Region;0;0;0;https://twitter.com/tix_id/status/1779343853994017265;9.83529E+17;tix_id
1.77946E+18;Sun Apr 14 10:28:27 +0000 2024;0;Terlepas dari review orang lain terhadap film siksa kubur gue sebagai fans karyanya @jokoanwar tetep antusias nonton. Karena cuman film jokan yang bisa bikin forum diskusi setelah nonton bacain teori-teorinya tuh seru parah;1.77946E+18;;;in;;0;0;0;https://twitter.com/NDfreedom10/status/1779456678678950195;56626638;NDfreedom10
1.77914E+18;Sat Apr 13 13:21:57 +0000 2024;0;Review Film Siksa Kubur (2024) Meski Berjalan Lambat Tapi Eksekusi Sangat Rapi dan Baik https://t.co/Wx3q1qL5Fm;1.77914E+18;;;in;Indonesia;0;0;0;https://twitter.com/Kalimantanupda1/status/1779137954671435794;1.56043E+18;Kalimantanupda1
1.7786E+18;Fri Apr 12 01:41:25 +0000 2024;0;Lagi menghindari review spoiler dan apapun tentang film Siksa Kubur. Belum sempet ngebioskop soalnya. Kalo Badarawuhi mah ntar aja di OTT .;1.7786E+18;;;in;ÜT: -6.289092,106.856416;0;0;0;https://twitter.com/IniInka/status/1778599272071795112;60594968;IniInka
1.77873E+18;Fri Apr 12 10:43:29 +0000 2024;0;@convomf Abiss ntnn Siksa Kubur Yg mau review Siksa Kubur or Badarawuhi ato mau diskusi ttg kedua filmnya ayo ma akuuu aku butuh tmn buat diskusi wkwkwkkw;1.77874E+18;;convomf;in;@BTS_twt •?•;0;1;0;https://twitter.com/taewuiwak/status/1778735687547908569;1.00868E+18;taewuiwak
1.77936E+18;Sun Apr 14 03:50:29 +0000 2024;1;Hayo hayo yang udah nonton siksa kubur gimana review nya wkwk LUAR BIASA bapak Joko Anwar wkwk bikin kaki gemetar dan bikin ketakutan 1 studio ;1.77936E+18;;;in;Jakarta, Indonesia;0;0;0;https://twitter.com/bismoanugrah/status/1779356526140076191;96277244;bismoanugrah
1.77906E+18;Sun Apr 14 02:28:17 +0000 2024;8;@guecogil @moviemenfes mending nonton review si geraldytan deh kak karena penonton siksa kubur ini bakal kepecah jadi 2 kubu siii.. kalau bagi aku 8/10 siii pesannya dapet bangettt;1.77934E+18;;guecogil;in;;0;0;0;https://twitter.com/achamarshanda/status/1779335840084500550;849066174;achamarshanda
1.77839E+18;Thu Apr 11 11:50:38 +0000 2024;0;@ghapharms @ComeandSeePics Film Bang Jokan fav masih Pengabdi Setan sih. Bisa jadi bakal ganti ke #SiksaKubur setelah nonton nanti. Alasan mau nntn krn ini film Bang Jokan dan castnya yg op tp yg bikin mau mau bgt nntn adalah pas liat review nya. Bagus dan bagus. Belum lagi katanya ini film horor;1.77839E+18;;ghapharms;in;Hogwarts;0;1;0;https://twitter.com/AjengCjDw/status/1778390197320958372;256873766;AjengCjDw
1.777E+18;Wed Apr 10 13:56:34 +0000 2024;2;Episode 105 #SiksaKubur Film Horor Reliji Yang Beneran Ngeri! Full review di spotify dan kanal youtube kripikfilm. https://t.co/CHRcgpL37P https://t.co/840OjgOZvH;1.77806E+18;https://pbs.twimg.com/ext_tw_video_thumb/1778059461674053632/pu/img/8G1JcTQ-r_SgMs0W.jpg;kripikfilm;in;Jakarta;0;0;1;https://twitter.com/kripikfilm/status/1778059501918392339;302308026;kripikfilm
1.77839E+18;Thu Apr 11 12:01:38 +0000 2024;0;@jokoanwar Sebelum nonton siksa kubur sempet liat review @WatchmenID dan ngerasa banyak terbantu menonton filmnya;1.77839E+18;;aryfakhrezy;in;;0;0;0;https://twitter.com/aryfakhrezy/status/1778392966874464365;1.1147E+18;aryfakhrezy
1.77794E+18;Wed Apr 10 08:17:05 +0000 2024;0;@moviemenfes badaruwi dan siksa kubur juga bagus kok review ny;1.77797E+18;;moviemenfes;in;;0;0;0;https://twitter.com/PunTfnlarasati/status/1777974065992798224;1.712E+18;PunTfnlarasati
1.77914E+18;Sat Apr 13 13:33:19 +0000 2024;0;Siksa Kubur banyak banget review bagusnya ya. Tapi emang cuma karena faktor @jokoanwar sih selama ini gw nonton film horor lokal. Jadi ngga heran kalau emang bagus.;1.77914E+18;;;in;Kaiserslautern;0;0;0;https://twitter.com/rtbrl/status/1779140815031620056;156283821;rtbrl
1.77827E+18;Thu Apr 11 03:52:10 +0000 2024;0;AAAA DI TL BANYAK BANGET REVIEW SIKSA KUBUR;1.77827E+18;;;in;;0;0;0;https://twitter.com/draquwla/status/1778269788273570084;1.18231E+18;draquwla
1.77822E+18;Thu Apr 11 03:59:00 +0000 2024;0;@ambivalenceds @WatchmenID malah review kkn lebih tinggi drpd siksa kubur di cinecirb;1.77827E+18;;ambivalenceds;in;;0;3;0;https://twitter.com/I__dami_/status/1778271505371312399;1.32041E+18;I__dami_
1.7788E+18;Fri Apr 12 15:35:04 +0000 2024;1;@Ksylv5 Iyasi dari review juga pada bilang b aja kalo gitu siksa kubur aja;1.77881E+18;;Ksylv5;in;;0;1;0;https://twitter.com/ra_v30/status/1778809063712944392;1.50406E+18;ra_v30
1.77951E+18;Sun Apr 14 13:45:05 +0000 2024;0;#Review #SiksaKubur #myreview #Threads Antiklimaks!! Gw bingung maksud film ini apa? Apa hanya ingin nunjukkin kalo Siksa Kubur ini apa?! Sekali lagi film yang dari middle ke ending gak jelas padahal di awal ceritanya udah oke gw udah dapat feel ceritanya dan karakter2nya..;1.77951E+18;;;in;Indonesia;0;0;0;https://twitter.com/RaldyKandou/status/1779506163790614673;91555115;RaldyKandou
1.7787E+18;Fri Apr 12 08:27:04 +0000 2024;0;Udah pada nonton belum? Coba kasih skormu buat SIKSA KUBUR dan BADARAWUHI DI DESA PENARI di https://t.co/zlQbXtlEcK ;1.7787E+18;;skorfilm;in;;0;1;0;https://twitter.com/skorfilm/status/1778701357039640829;1.75542E+18;skorfilm
1.77866E+18;Fri Apr 12 06:12:56 +0000 2024;0;@lakinyajiu Ditunggu review nya kak. Dan jg video teori ttg film Siksa Kubur di CineCrib.;1.77867E+18;;lakinyajiu;in;Jakarta Barat, DKI Jakarta;0;1;0;https://twitter.com/driced08/status/1778667598663864343;8.11636E+17;driced08
1.77843E+18;Thu Apr 11 14:38:28 +0000 2024;1;Babak 1 sm Babak 2 nya bagian ending cuma kaya hah hoh hah hoh semoga ada review SK deh kaena akupun masih bingung itu si Adil di ending tiba2 mukanya bonyok tuh kenapeeee???? Intinya 2 2 nya bagus tapi personally aku lebih suka Badarawuhi kalo di compare sama Siksa Kubur hehe;1.77843E+18;;puppyindo;in;;0;1;0;https://twitter.com/puppyindo/status/1778432431768682541;1.72444E+18;puppyindo
1.77917E+18;Sun Apr 14 07:54:05 +0000 2024;0;@_ichaBelle Mangtap memang review nya ibuk. Tapi siksa kubur ini bukan film hantu macam pengabdi setan kan? Apa gimana sih? Aku takut nonton trailernya soalnya ;1.77942E+18;;_ichaBelle;in;Indonesia;0;1;0;https://twitter.com/dhi_yana/status/1779417830867530038;71479074;dhi_yana
1.7792E+18;Sat Apr 13 17:30:13 +0000 2024;1;@sukaengkaw aku baru nonton yang siksa kubur. menurutku siksa kubur jadi sec option aja. lebih kerasa horor film pendeknya menurutku kurang cuma disturbing aja. kalo badarawuhi ini ada review dari Biru;1.7792E+18;;sukaengkaw;in;;0;1;0;https://twitter.com/stutudumpies/status/1779200431392186619;1.74771E+18;stutudumpies
1.77802E+18;Wed Apr 10 23:45:45 +0000 2024;0;@convomfs Lo duluan lah ntar review gimana alam kubur lo kena siksa apa gak. Situkan banyak dosa ;1.77821E+18;;convomfs;in;;0;0;0;https://twitter.com/slchyrj/status/1778207776113836165;1.54788E+18;slchyrj
1.77911E+18;Sun Apr 14 08:57:50 +0000 2024;2;@ftcrrhmn @jokoanwar Terima kasih Kak. Iya ini sebenernya aku biasa up review sebatas untuk sharing dengan mutual2ku aja yg terbiasa dengan styleku gini. Gak nyangka review Siksa Kubur bakal rame gini ;1.77943E+18;;ftcrrhmn;in;;0;1;0;https://twitter.com/karrabish/status/1779433872251576823;1.24607E+18;karrabish
1.77898E+18;Sat Apr 13 03:35:34 +0000 2024;0;@moviemenfes setelah baca review siksa kubur berarti mending exhuma lahh;1.77899E+18;;moviemenfes;in;hogwarts;0;0;0;https://twitter.com/matchaiclatte/status/1778990385911763178;1.75367E+18;matchaiclatte
1.77892E+18;Fri Apr 12 23:12:27 +0000 2024;1;Review nya bagus nih. Tp spoiler. Yg blm ntn jangan baca @jokoanwar Setuju banget teori khas joko anwar yg bikin orang makin penasaran buat nonton pertama kali atau nyoba ntn lagi kedua bahkan ketiga kali. Ini soal elu percaya atau engga sm siksa kubur. Damn!;1.77892E+18;;;in;Jakarta, Indonesia;1;0;1;https://twitter.com/bayuajianto/status/1778924170010828958;214902864;bayuajianto
1.77949E+18;Sun Apr 14 12:28:23 +0000 2024;1;Ovethinkingmu mungkin benar;1.77949E+18;;;in;;1;0;0;https://twitter.com/madarkham/status/1779486861083439207;1.51109E+18;madarkham
1.77934E+18;Sun Apr 14 03:15:35 +0000 2024;0;@rentfess Sender pas banget! Aku juga bukan tipe yang suka nonton horror film horror yang terakhir aku tonton tuh Danur tapi aku penasaran banget sama siksa kubur. Apakah aku akan taubat setelah nonton itu? Nanti kita review bareng filmnya. ;1.77935E+18;;rentfess;in;Working Hours 09:00 - 21:00;0;1;0;https://twitter.com/chexxked/status/1779347744978858406;1.56894E+18;chexxked
1.77936E+18;Sun Apr 14 12:10:59 +0000 2024;0;@Hfdz06 @WatchmenID - kalau buat siksa kubur kayanya untuk cast gaperlu diraguin lagi emang pada top. untuk alur saya belum nonton jadi belum bisa komentar banyak udah banyak yang review juga tuh coba aja di cek contoh riviewers: ngelantur;1.77948E+18;;profACAD4;in;;0;0;0;https://twitter.com/profACAD4/status/1779482480007069921;8.1194E+17;profACAD4
1.77912E+18;Sat Apr 13 12:30:31 +0000 2024;0;Pada saat nonton review cine crib soal sosok yang denger siksa kubur kirain denger band itu karena bisa jadi easter egg yang menarik. Eh ternyata...;1.77913E+18;;hiboorun;in;Hibooverse;0;0;0;https://twitter.com/hiboorun/status/1779125008121647228;1.34485E+18;hiboorun
1.77941E+18;Sun Apr 14 07:41:47 +0000 2024;1;@jokoanwar #SiksaKubur sbg orang yang cita2ny jd Aktor Film review akting2nya aja. All cast n Aktingnya 10/10 !!! Soal film nya gimana? Gausah ditanya lagi kalo karya dari bang Jokan semuanya Kenthir !!! Dan ini Film ter Kenthir Ndesss !!!! ( Kenthir Ndhess artinya;1.77941E+18;;jokoanwar;in;Jakarta Capital Region;0;0;0;https://twitter.com/achsanalvian/status/1779414736527872012;1.67808E+18;achsanalvian
1.77851E+18;Fri Apr 12 15:28:59 +0000 2024;1;@diidot @jokoanwar Bang lu jokan ya? Pengen gw nanya lgsg pertanyaan ini tapi terjawab dengan review lu. Kalo ada diskusi ttg siksa kubur mau gw bilang baca review lu ini;1.77881E+18;;diidot;in;;0;1;0;https://twitter.com/geral84089/status/1778807532334784943;1.67396E+18;geral84089
1.77862E+18;Fri Apr 12 05:30:26 +0000 2024;1;"@jokoanwar Gue jujur sekalipun gak pernah nonton film horor Indonesia karena udh merasa film horor disini kebanyakan lebay dipaksain dst2nya tp pas lihat review yg udh nonton siksa kubur &amp; badarawuhi jd kepengen nonton jg yg mudah2an sesuai dgn review2 &amp; ekpetasi ";1.77866E+18;;jokoanwar;in;DKI Jakarta, Indonesia;0;0;0;https://twitter.com/rindoekenangan/status/1778656906011447661;1.67547E+18;rindoekenangan
1.77906E+18;Sat Apr 13 08:48:17 +0000 2024;0;@ggyuhanshi Memang self brandingku sudah sangat melekat dengan 3 kelihatannya;1.77907E+18;;ggyuhanshi;in;;0;0;0;https://twitter.com/madarkham/status/1779069083780268154;1.51109E+18;madarkham
1.77933E+18;Sun Apr 14 01:58:14 +0000 2024;0;Siksa Kubur bg Joko Anwar Brengsek/10 Selalu dibikin mikir ama film beliau. Apik tenan. Saatnya nonton review dan promo film beliau biar nemu easter egg-nya;1.77933E+18;;;in;ÜT: -0.959455,100.398924;0;0;0;https://twitter.com/bilLy_noure/status/1779328277284540684;227140383;bilLy_noure
1.77108E+18;Sat Apr 13 02:54:32 +0000 2024;0;@heroinebliss Wkwkwkwk kagak sabaran emang sulit dikendalikan. Siksa Kubur? Gue rencana mau nonton sama doi nanti pas ketemuan. Elu sendiri ada rencana nonton? Review orang lumayan bagus tuh. Mungkin sudah saatnya.;1.77898E+18;;heroinebliss;in;Adelaide, Australia;0;0;0;https://twitter.com/narasastrama/status/1778980057224286644;1.5837E+18;narasastrama
1.77835E+18;Thu Apr 11 09:02:25 +0000 2024;0;Gimana Cilers? Makin penasaran kan dengan film Siksa Kubur Sebelum nonton yuk simak dulu reviewnya https://t.co/YwtiBwzFbI;1.77835E+18;;cineverse_id;in;Jakarta, IDN;0;0;0;https://twitter.com/cineverse_id/status/1778347864990855467;3042579528;cineverse_id
1.77942E+18;Sun Apr 14 11:12:58 +0000 2024;0;@iwantitall_mine SEREM BANGET PALA LU KEK KETUSUK TIANG;1.77947E+18;;iwantitall_mine;in;;0;1;0;https://twitter.com/madarkham/status/1779467880473763864;1.51109E+18;madarkham
1.77913E+18;Sat Apr 13 13:02:44 +0000 2024;0;@hiopiaa ya kalo egk tertarik ga perlu vote mksdnya wkwkwk;1.77913E+18;;hiopiaa;in;;0;0;0;https://twitter.com/madarkham/status/1779133118735376640;1.51109E+18;madarkham
1.77915E+18;Sun Apr 14 03:15:48 +0000 2024;0;@pookie_mak gausah gimmick lu;1.77935E+18;;pookie_mak;in;;0;1;0;https://twitter.com/madarkham/status/1779347799848735106;1.51109E+18;madarkham
1.77878E+18;Fri Apr 12 20:12:37 +0000 2024;0;@bvngek @bqbyfish @tanyarlfes mjb baradawuhi pace nya lambat tapi dijelasin banget alurnya jadi ngerti dan ceritanya lebih ningkat dari kkn. Jumpscare dikit tapi lumayan bikin orang resah. Nonton aja baradawuhi kalau di cinecrib review baradawuhi lebih tinggi dari siksa kubur boleh nonton reviewnyaaa;1.77888E+18;;bvngek;in;;0;0;0;https://twitter.com/I__dami_/status/1778878913068114160;1.32041E+18;I__dami_
1.77862E+18;Fri Apr 12 08:42:56 +0000 2024;0;@allukajeon01 Kkn aku udh nonton dluu tapi klau liat review orang² kyknya siksa kubur juga bagus ;1.77871E+18;;allukajeon01;in;YoonKook addicted;0;0;0;https://twitter.com/rkivqe/status/1778705347081064548;1.35651E+18;rkivqe
1.76246E+18;Sat Apr 13 16:02:04 +0000 2024;0;@AA_AlyaJKT48 Walaah cukup rendah yaa horrornya ga ekstrim kali ya ayy wkwkw tapi makasihh reviunya yaa Nah kalo siksa kubur denger2 bagus sih ay langsung inget dosa nanti review lg yaa kalo dah nonton Thanks udh berkabar ayy selamat istirahat yaaw #AlbalesYa @AA_AlyaJKT48;1.77918E+18;;Dimskyyy48;in;GSA, AAF, JAT;1;1;0;https://twitter.com/Dimskyyy48/status/1779178248834019485;1.76053E+18;Dimskyyy48
1.77911E+18;Sun Apr 14 00:10:30 +0000 2024;0;@rmahnrengginang @jokoanwar Wah kebetulan belum nonton Siksa Neraka nih mas jadi gk bisa kasih pendapat personal tapi lihat review oranh-orang lain sih kayaknya better Siksa Kubur ini ya. Kalo directornya saya pribadi sih nganggep Joko Anwar punya kualitas filmografi yang lebih baik dibanding Anggy Umbara;1.7793E+18;;rmahnrengginang;in;;0;1;0;https://twitter.com/karrabish/status/1779301165949477172;1.24607E+18;karrabish
1.77947E+18;Sun Apr 14 11:07:42 +0000 2024;0;Mau ngerapiin carrd ada aja cobaannya;1.77947E+18;;;in;;0;0;0;https://twitter.com/madarkham/status/1779466555505725566;1.51109E+18;madarkham
1.77916E+18;Sat Apr 13 14:44:07 +0000 2024;0;Review Siksa Kubur dari CXO Media memberikan gambaran singkat dari efek samping karya terbaru @jokoanwar. Anda pasti percaya mulai sekarang. https://t.co/ykB8HOiyQg;1.77916E+18;;CxoMedia;in;Jakarta, Indonesia;0;0;0;https://twitter.com/CxoMedia/status/1779158631155646747;1.42281E+18;CxoMedia
1.77923E+18;Sat Apr 13 19:12:16 +0000 2024;0;nonton siksa kubur apa jgn ya?? review nya bagus2 jd penasaran sm film garapan bang @jokoanwar ini tp saya borangan dan suka begadang. tolong pencerahannya kawan;1.77923E+18;;;in;;0;0;0;https://twitter.com/re_el_de/status/1779226114558513165;1.32068E+18;re_el_de
1.77824E+18;Thu Apr 11 01:48:04 +0000 2024;0;Review Film Siksa Kubur Minim Parade Jumpscare Tapi Penuh Kengerian https://t.co/QxFwTDwxYB;1.77824E+18;;;in;Jakarta;0;0;0;https://twitter.com/hypeabisid/status/1778238557553135821;1.38157E+18;hypeabisid
1.7793E+18;Sat Apr 13 23:58:58 +0000 2024;0;duh review sm teori film siksa kubur lewat tl mulu gue bened bener triggered bgt coy gabakalan dah mau nonton itu film kg kuatt ;1.7793E+18;;;in;;0;0;0;https://twitter.com/hyuckissren/status/1779298264283857283;1.39071E+18;hyuckissren
1.77879E+18;Fri Apr 12 14:16:20 +0000 2024;3;@jokoanwar Ayo silakan yang belum review dan ngerate Siksa Kubur https://t.co/CsFMH7Br4i;1.77879E+18;;jokoanwar;in;Shatterdome Anchorage;0;0;0;https://twitter.com/ssetiawan/status/1778789251267883177;48053374;ssetiawan
1.77918E+18;Sat Apr 13 16:13:07 +0000 2024;0;"Review Film: Badarawuhi di Desa Penari - Dancing Village: The Curse Begins Selengkapnya&gt;&gt;&gt; https://t.co/cvW7PU5Zzw Saipul Jamil Badarawuhi Dancing Village Siksa Kubur";1.77918E+18;;;in;;0;0;0;https://twitter.com/tribunbkleve/status/1779181029896671534;1.09593E+18;tribunbkleve
1.77823E+18;Thu Apr 11 05:13:49 +0000 2024;3;@moviemenfes Blm nonton keduanya. Tpi Surprisingly review badarawuhi lebih bagus dripada siksa kubur. Badarawuhi horror atmosferik klo siksa kubur tipenya kaya horror slow burn gitu. Even cinecrib say so.;1.77829E+18;;moviemenfes;in;Area 51;0;0;0;https://twitter.com/cucunyatrump/status/1778290336483475839;1.30896E+18;cucunyatrump
1.77897E+18;Sat Apr 13 09:46:17 +0000 2024;2;@shep_kazama widih ada bang iq7 mampir di akun gua dong thank you bang ;1.77908E+18;;shep_kazama;in;;0;1;0;https://twitter.com/madarkham/status/1779083681027747952;1.51109E+18;madarkham
